country,level,unit,start,end,weeks,cases,peak,peak_week,reason
ARGENTINA,national,ARGENTINA,2013-12-29,2014-08-31,36,2837,182,19,
ARGENTINA,national,ARGENTINA,2014-12-07,2015-07-19,33,2774,229,18,
ARGENTINA,national,ARGENTINA,2015-12-06,2016-07-10,32,77523,8685,13,
ARGENTINA,national,ARGENTINA,2018-12-02,2019-07-21,34,3185,300,22,
ARGENTINA,national,ARGENTINA,2019-12-22,2020-07-12,30,59295,5727,16,
BARBADOS,national,BARBADOS,2016-05-15,2017-01-15,36,880,65,17,
BARBADOS,national,BARBADOS,2020-08-23,2021-03-14,30,1550,139,13,
BARBADOS,national,BARBADOS,2023-08-13,2024-05-12,40,1792,204,28,
BELIZE,national,BELIZE,2014-04-13,2015-03-29,51,5017,272,27,
BELIZE,national,BELIZE,2016-11-27,2017-11-12,51,3198,151,11,
BELIZE,national,BELIZE,2019-04-28,2020-02-09,42,13154,790,16,
BELIZE,national,BELIZE,2020-06-07,2021-05-30,52,2341,128,38,
BOLIVIA,admin1,COCHABAMBA,2014-11-02,2015-08-23,43,556,42,13,
BOLIVIA,admin1,LA PAZ,2014-11-02,2015-07-26,39,866,64,24,
BOLIVIA,admin1,CHUQUISACA,2014-11-09,2015-08-23,42,994,68,24,
BOLIVIA,admin1,BENI,2014-11-23,2015-08-16,39,4318,258,19,
BOLIVIA,national,BOLIVIA,2015-01-11,2015-08-09,31,22341,2017,15,
BOLIVIA,admin1,SANTA CRUZ,2015-01-11,2015-08-02,30,35746,3512,15,
BOLIVIA,admin1,TARIJA,2015-01-25,2015-08-16,30,2764,344,14,
BOLIVIA,admin1,BENI,2015-08-30,2016-06-12,42,17064,1308,20,
BOLIVIA,admin1,PANDO,2015-10-04,2016-06-05,36,3252,276,9,
BOLIVIA,national,BOLIVIA,2015-11-08,2016-06-19,33,31990,2400,15,
BOLIVIA,admin1,CHUQUISACA,2015-11-08,2016-06-19,33,1072,112,15,
BOLIVIA,admin1,SANTA CRUZ,2015-11-22,2016-06-26,32,22836,1880,16,
BOLIVIA,admin1,PANDO,2016-08-28,2017-03-19,30,1666,198,12,
BOLIVIA,admin1,SANTA CRUZ,2016-11-06,2017-07-16,37,8078,576,19,
BOLIVIA,admin1,CHUQUISACA,2016-11-20,2017-07-16,35,386,38,21,
BOLIVIA,admin1,COCHABAMBA,2016-11-20,2017-06-18,31,444,42,17,
BOLIVIA,admin1,COCHABAMBA,2017-11-05,2018-07-29,39,588,38,26,
BOLIVIA,national,BOLIVIA,2017-11-12,2018-07-22,37,5389,326,17,
BOLIVIA,admin1,BENI,2017-11-19,2018-06-17,31,2498,242,15,
BOLIVIA,admin1,TARIJA,2017-11-26,2018-07-22,35,788,84,23,
BOLIVIA,admin1,SANTA CRUZ,2017-12-03,2018-07-22,34,5598,422,19,
BOLIVIA,admin1,CHUQUISACA,2017-12-17,2018-07-08,30,390,36,13,
BOLIVIA,admin1,BENI,2018-08-19,2019-07-07,47,4108,266,16,
BOLIVIA,admin1,COCHABAMBA,2018-09-16,2019-08-25,50,714,40,31,
BOLIVIA,admin1,PANDO,2018-12-02,2019-08-11,37,1996,160,18,
BOLIVIA,admin1,COCHABAMBA,2019-09-01,2020-07-19,47,11239,565,18,
BOLIVIA,admin1,LA PAZ,2019-09-08,2020-06-28,43,2293,134,23,
BOLIVIA,admin1,BENI,2019-10-13,2020-05-24,33,8136,643,15,
BOLIVIA,national,BOLIVIA,2019-11-10,2020-05-31,30,114144,10936,13,
BOLIVIA,admin1,CHUQUISACA,2019-11-10,2020-06-07,31,4325,436,13,
BOLIVIA,admin1,TARIJA,2019-12-01,2020-07-05,32,7491,700,16,
BOLIVIA,admin1,COCHABAMBA,2020-08-09,2021-07-11,49,507,28,24,
BOLIVIA,admin1,SANTA CRUZ,2020-08-16,2021-05-23,41,1618,103,17,
BOLIVIA,admin1,LA PAZ,2020-09-13,2021-07-11,44,1846,126,27,
BOLIVIA,admin1,BENI,2020-09-20,2021-07-18,44,2195,117,24,
BOLIVIA,admin1,PANDO,2021-08-01,2022-06-26,48,2018,119,20,
BOLIVIA,national,BOLIVIA,2021-09-05,2022-09-18,55,12871,528,27,
BOLIVIA,admin1,LA PAZ,2021-09-05,2022-07-03,44,1389,81,27,
BOLIVIA,admin1,BENI,2021-12-05,2022-07-03,31,2288,171,16,
BOLIVIA,admin1,COCHABAMBA,2021-12-12,2022-07-03,30,1362,130,13,
BOLIVIA,national,BOLIVIA,2022-11-06,2023-06-25,34,154838,12300,14,
BOLIVIA,national,BOLIVIA,2023-10-15,2024-07-28,42,50079,2800,10,
BRAZIL,national,BRAZIL,2013-12-29,2014-08-10,33,507151,37414,16,
BRAZIL,national,BRAZIL,2014-11-30,2015-08-02,36,1485001,102775,18,
BRAZIL,national,BRAZIL,2015-11-08,2016-07-03,35,2169776,146906,14,
BRAZIL,national,BRAZIL,2016-08-07,2017-09-03,57,550392,18988,32,
BRAZIL,national,BRAZIL,2018-12-02,2019-08-18,38,2091193,142057,22,
BRAZIL,national,BRAZIL,2019-11-10,2020-08-09,40,1432127,87317,16,
BRAZIL,national,BRAZIL,2020-11-15,2021-09-12,44,890898,44491,20,
BRAZIL,national,BRAZIL,2021-12-26,2022-08-21,35,2124314,156194,18,
BRAZIL,national,BRAZIL,2022-11-27,2023-08-06,37,2688011,186718,19,
BRAZIL,national,BRAZIL,2023-11-26,2024-07-28,36,9788800,622095,16,
CAMBODIA,national,CAMBODIA,2011-03-27,2011-12-25,40,15357,852,16,
CAMBODIA,national,CAMBODIA,2012-03-18,2012-12-16,40,41093,2451,15,
CAMBODIA,national,CAMBODIA,2013-03-17,2013-11-10,35,15736,1159,16,
COLOMBIA,admin1,CUNDIMARCA,2002-02-24,2002-09-15,30,1551,133,12,
COLOMBIA,admin1,SUCRE,2002-02-24,2002-10-06,33,477,52,22,
COLOMBIA,admin1,ARAUCA,2002-03-03,2002-09-29,31,1846,166,17,
COLOMBIA,admin1,TOLIMA,2002-04-07,2003-09-14,76,8331,249,58,
COLOMBIA,admin1,CORDOBA,2002-04-14,2003-01-26,42,2581,174,14,
COLOMBIA,admin1,CAQUETA,2002-05-19,2003-01-05,34,696,62,22,
COLOMBIA,admin1,QUINDIO,2002-08-18,2003-08-10,52,6487,288,27,
COLOMBIA,admin1,ARAUCA,2002-11-10,2003-09-14,45,1041,55,25,
COLOMBIA,admin1,CORDOBA,2003-02-16,2003-09-14,31,642,53,19,
COLOMBIA,national,COLOMBIA,2018-11-04,2020-08-16,94,206237,5001,62,
COLOMBIA,national,COLOMBIA,2023-07-02,2024-12-22,78,400180,11280,39,
COSTA RICA,national,COSTA RICA,2017-03-05,2018-01-14,46,4734,230,18,
COSTA RICA,national,COSTA RICA,2020-02-09,2020-11-22,42,8871,468,20,
COSTA RICA,national,COSTA RICA,2023-05-14,2024-04-07,48,35958,1749,26,
DOMINICAN REPUBLIC,admin1,SAN CRISTOBAL,2009-04-26,2010-01-17,39,386,27,25,
DOMINICAN REPUBLIC,admin1,DISTRITO NACIONAL,2009-06-07,2010-01-17,33,745,48,19,
DOMINICAN REPUBLIC,national,DOMINICAN REPUBLIC,2015-05-31,2016-04-10,46,18716,1115,20,
DOMINICAN REPUBLIC,national,DOMINICAN REPUBLIC,2018-08-19,2019-03-31,33,2238,158,28,
DOMINICAN REPUBLIC,national,DOMINICAN REPUBLIC,2019-04-07,2020-04-12,54,21877,941,16,
DOMINICAN REPUBLIC,national,DOMINICAN REPUBLIC,2021-05-30,2022-03-13,42,3998,233,26,
DOMINICAN REPUBLIC,national,DOMINICAN REPUBLIC,2022-03-20,2023-03-05,51,10902,634,27,
ECUADOR,national,ECUADOR,2015-01-18,2015-09-13,35,40713,2961,17,
ECUADOR,national,ECUADOR,2016-11-20,2017-08-27,41,11267,737,18,
ECUADOR,national,ECUADOR,2018-11-11,2019-11-03,52,7612,452,35,
ECUADOR,national,ECUADOR,2019-11-10,2020-08-16,41,14355,1048,17,
ECUADOR,admin1,ORELLANA,2019-12-29,2020-08-30,36,452,35,15,
ECUADOR,national,ECUADOR,2023-11-12,2024-12-22,59,64930,2198,22,
EL SALVADOR,national,EL SALVADOR,2014-03-16,2014-12-21,41,48977,2897,24,
EL SALVADOR,national,EL SALVADOR,2019-04-14,2020-01-05,39,25443,2178,16,
EL SALVADOR,national,EL SALVADOR,2021-12-12,2022-12-25,55,16968,710,25,
EL SALVADOR,national,EL SALVADOR,2023-01-01,2023-11-05,45,5195,281,30,
FRENCH GUIANA,national,FRENCH GUIANA,2020-01-05,2020-12-13,50,8734,407,21,
GRENADA,national,GRENADA,2018-03-18,2018-12-09,39,366,24,12,
GUADELOUPE,national,GUADELOUPE,2019-11-03,2020-06-21,34,7694,525,14,
GUADELOUPE,national,GUADELOUPE,2020-06-28,2021-02-07,33,14092,1100,16,
GUATEMALA,national,GUATEMALA,2014-06-29,2015-02-08,33,17679,1780,21,
GUATEMALA,national,GUATEMALA,2016-03-20,2016-12-04,38,6909,643,21,
GUATEMALA,national,GUATEMALA,2019-04-28,2020-01-12,38,48428,3095,15,
GUATEMALA,national,GUATEMALA,2023-05-28,2024-02-11,38,79017,4766,16,
GUYANA,national,GUYANA,2023-11-12,2024-09-29,47,41377,2256,34,
HONDURAS,national,HONDURAS,2015-02-15,2015-10-18,36,34840,3112,16,
HONDURAS,national,HONDURAS,2018-09-02,2019-04-07,32,10810,855,28,
HONDURAS,national,HONDURAS,2019-04-14,2020-01-26,42,129675,8637,14,
HONDURAS,national,HONDURAS,2021-04-25,2022-02-20,44,19524,926,27,
HONDURAS,national,HONDURAS,2024-03-17,2024-12-08,39,167773,9905,20,
JAMAICA,national,JAMAICA,2019-06-09,2019-12-29,30,3988,513,26,
JAMAICA,national,JAMAICA,2023-07-16,2024-02-18,32,8751,1963,16,
LAO PEOPLE'S DEMOCRATIC REPUBLIC,national,LAO PEOPLE'S DEMOCRATIC REPUBLIC,2018-03-25,2019-01-20,44,6493,399,16,
LAO PEOPLE'S DEMOCRATIC REPUBLIC,national,LAO PEOPLE'S DEMOCRATIC REPUBLIC,2019-03-31,2019-12-15,38,37476,2423,16,
LAO PEOPLE'S DEMOCRATIC REPUBLIC,national,LAO PEOPLE'S DEMOCRATIC REPUBLIC,2020-03-15,2020-12-27,42,7144,423,19,
LAO PEOPLE'S DEMOCRATIC REPUBLIC,national,LAO PEOPLE'S DEMOCRATIC REPUBLIC,2021-03-21,2022-01-09,43,1154,69,17,
LAO PEOPLE'S DEMOCRATIC REPUBLIC,national,LAO PEOPLE'S DEMOCRATIC REPUBLIC,2022-04-10,2022-12-11,36,28724,2024,16,
LAO PEOPLE'S DEMOCRATIC REPUBLIC,national,LAO PEOPLE'S DEMOCRATIC REPUBLIC,2023-04-02,2023-11-26,35,31012,2192,15,
MEXICO,admin1,BAJA CALIFORNIA SUR,2003-06-08,2004-01-25,34,776,97,18,
MEXICO,admin1,SINALOA,2003-07-13,2004-02-01,30,1492,160,13,
MEXICO,admin1,VERACRUZ,2003-07-13,2004-02-08,31,1035,180,21,
MEXICO,admin1,VERACRUZ,2004-05-30,2005-01-23,35,5567,537,11,
MEXICO,admin1,CHIAPAS,2005-05-08,2006-01-15,37,2024,191,13,
MEXICO,admin1,TABASCO,2005-05-22,2005-12-11,30,358,50,15,
MEXICO,admin1,VERACRUZ,2005-05-22,2006-01-22,36,4425,536,17,
MEXICO,admin1,OAXACA,2005-06-19,2006-02-05,34,1127,110,24,
MEXICO,admin1,COLIMA,2005-06-26,2006-01-29,32,437,68,21,
MEXICO,admin1,NAYARIT,2005-06-26,2006-02-26,36,419,66,26,
MEXICO,admin1,CHIAPAS,2006-04-02,2007-02-04,45,724,39,10,
MEXICO,admin1,MORELOS,2006-06-11,2007-01-28,34,2778,601,24,
MEXICO,admin1,GUERRERO,2006-06-18,2007-02-11,35,4336,337,18,
MEXICO,admin1,QUINTANA ROO,2006-06-18,2007-02-11,35,2430,171,21,
MEXICO,admin1,MICHOACAN,2006-06-25,2007-02-04,33,378,46,16,
MEXICO,admin1,VERACRUZ,2006-07-02,2007-02-04,32,8133,768,16,
MEXICO,admin1,COLIMA,2006-07-16,2007-02-11,31,1258,121,16,
MEXICO,admin1,CHIAPAS,2007-03-18,2007-12-23,41,2828,266,12,
MEXICO,admin1,GUERRERO,2007-05-13,2007-12-23,33,3687,278,23,
MEXICO,admin1,MORELOS,2007-05-20,2007-12-23,32,1247,127,26,
MEXICO,national,MEXICO,2014-03-23,2015-02-01,46,116820,6261,29,
MEXICO,national,MEXICO,2016-04-03,2017-01-29,44,112953,5788,21,
MEXICO,national,MEXICO,2017-04-16,2018-01-28,42,82966,5047,26,
MEXICO,national,MEXICO,2018-05-20,2019-02-03,38,74448,4982,21,
MEXICO,national,MEXICO,2019-06-09,2020-02-02,35,257636,17963,18,
MEXICO,national,MEXICO,2020-04-05,2021-01-31,44,101975,6313,28,
MEXICO,national,MEXICO,2022-03-27,2023-01-29,45,60956,3176,30,
MEXICO,national,MEXICO,2023-05-21,2024-02-04,38,283726,18425,17,
NEW CALEDONIA,national,NEW CALEDONIA,2012-11-11,2013-07-21,37,10918,709,18,
NICARAGUA,admin1,REGION AUTONOMA DEL ATLANTICO SUR,2009-03-29,2009-11-01,32,1407,127,10,
NICARAGUA,admin1,MATAGALPA,2009-05-03,2010-02-07,41,1316,103,23,
NICARAGUA,admin1,BOACO,2009-06-07,2010-01-31,35,653,78,18,
NICARAGUA,admin1,CHONTALES,2009-06-28,2010-01-31,32,540,72,16,
NICARAGUA,admin1,MANAGUA,2009-08-02,2010-04-04,36,9439,954,11,
NICARAGUA,admin1,CARAZO,2009-08-09,2010-05-02,39,848,68,11,
NICARAGUA,admin1,NUEVA SEGOVIA,2010-03-07,2011-01-02,44,521,31,13,
NICARAGUA,admin1,RIVAS,2010-03-14,2010-12-12,40,566,50,12,
NICARAGUA,admin1,CHINANDEGA,2010-03-21,2011-01-02,42,935,64,30,
NICARAGUA,admin1,JINOTEGA,2010-03-21,2010-12-26,41,527,33,23,
NICARAGUA,admin1,CHONTALES,2010-03-28,2010-12-19,39,796,84,11,
NICARAGUA,admin1,CARAZO,2010-06-13,2011-01-30,34,1202,101,17,
NICARAGUA,admin1,ESTELI,2010-06-13,2011-01-16,32,902,89,18,
NICARAGUA,admin1,MANAGUA,2011-02-13,2012-01-29,51,2194,119,34,
NICARAGUA,admin1,CHONTALES,2011-04-24,2012-01-22,40,435,41,25,
NICARAGUA,admin1,MASAYA,2011-05-01,2012-04-29,53,987,49,24,
NICARAGUA,admin1,CHINANDEGA,2011-05-29,2012-01-15,34,590,74,21,
NICARAGUA,admin1,LEON,2011-06-05,2012-01-15,33,1616,161,16,
NICARAGUA,admin1,NUEVA SEGOVIA,2012-03-04,2013-01-13,46,1257,82,26,
NICARAGUA,admin1,CHONTALES,2012-04-15,2013-01-06,39,872,75,19,
NICARAGUA,admin1,RIVAS,2012-04-15,2013-03-17,49,1273,86,35,
NICARAGUA,admin1,JINOTEGA,2012-04-22,2013-01-06,38,1412,126,17,
NICARAGUA,admin1,ESTELI,2012-05-06,2013-02-03,40,2068,121,16,
NICARAGUA,admin1,MASAYA,2012-05-06,2013-03-24,47,2438,116,21,
NICARAGUA,admin1,MANAGUA,2012-05-20,2013-02-24,41,10401,686,22,
NICARAGUA,admin1,CHINANDEGA,2012-06-24,2013-02-17,35,868,69,16,
NICARAGUA,admin1,LEON,2012-06-24,2013-01-20,31,1692,155,18,
NICARAGUA,admin1,GRANADA,2012-07-01,2013-03-17,38,2023,190,24,
NICARAGUA,admin1,CARAZO,2012-07-08,2013-01-27,30,739,79,15,
NICARAGUA,admin1,RIO SAN JUAN,2013-03-24,2013-10-20,31,421,43,17,
NICARAGUA,admin1,CHINANDEGA,2013-05-05,2014-01-19,38,7041,584,10,
NICARAGUA,national,NICARAGUA,2014-03-02,2015-04-05,58,39400,2726,40,
NICARAGUA,admin1,BOACO,2014-03-30,2014-11-30,36,2152,164,17,
NICARAGUA,admin1,JINOTEGA,2014-04-20,2014-12-21,36,1217,112,18,
NICARAGUA,national,NICARAGUA,2015-04-12,2016-01-31,43,47475,3409,32,
NICARAGUA,national,NICARAGUA,2016-02-07,2017-02-05,53,89188,4342,22,
NICARAGUA,national,NICARAGUA,2019-04-07,2020-02-02,44,177182,9303,20,
NICARAGUA,national,NICARAGUA,2023-02-19,2024-03-24,58,187876,7921,34,
PANAMA,national,PANAMA,2014-09-07,2015-03-29,30,1285,217,16,
PANAMA,national,PANAMA,2015-08-02,2016-03-27,35,2937,293,21,
PANAMA,national,PANAMA,2019-05-12,2020-04-26,51,11017,488,25,
PANAMA,national,PANAMA,2022-04-03,2023-04-09,54,13361,889,38,
PARAGUAY,national,PARAGUAY,2017-11-05,2018-06-17,33,27386,2856,14,
PARAGUAY,national,PARAGUAY,2022-10-02,2023-08-06,45,26098,1685,11,
PARAGUAY,national,PARAGUAY,2023-10-15,2024-06-30,38,322891,22690,14,
PERU,admin1,SAN MARTIN,2011-08-28,2012-05-06,37,401,27,22,
PERU,admin1,JUNIN,2011-11-13,2012-06-24,33,492,44,17,
PERU,admin1,CAJAMARCA,2011-12-11,2012-07-22,33,3675,363,13,
PERU,admin1,MADRE DE DIOS,2012-01-08,2012-09-02,35,1371,97,19,
PERU,admin1,AMAZONAS,2012-02-12,2012-09-02,30,466,44,17,
PERU,admin1,PIURA,2012-02-26,2012-10-14,34,1242,122,13,
PERU,admin1,LORETO,2012-09-09,2013-07-28,47,3942,251,11,
PERU,admin1,MADRE DE DIOS,2012-09-09,2013-07-14,45,2747,178,10,
PERU,admin1,AMAZONAS,2012-09-23,2013-08-18,48,700,91,38,
PERU,admin1,ANCASH,2012-12-30,2013-07-21,30,618,71,15,
PERU,admin1,TUMBES,2012-12-30,2013-09-08,37,476,42,18,
PERU,admin1,SAN MARTIN,2013-05-12,2013-12-22,33,979,81,5,
PERU,national,PERU,2017-08-13,2018-07-01,47,10542,613,23,
PERU,national,PERU,2021-08-22,2022-08-28,54,73875,3421,34,
PERU,national,PERU,2023-02-05,2023-10-01,35,245014,20425,14,
PERU,national,PERU,2023-12-10,2024-07-14,32,265387,22030,16,
PHILIPPINES,national,PHILIPPINES,2019-04-14,2020-01-19,41,384653,21743,15,
PUERTO RICO,national,PUERTO RICO,2020-06-28,2021-05-09,46,873,59,23,
PUERTO RICO,national,PUERTO RICO,2022-07-31,2023-04-02,36,1124,89,16,
SAINT BARTHELEMY,national,SAINT BARTHELEMY,2020-02-16,2021-02-07,52,1589,87,24,
SAINT MARTIN,national,SAINT MARTIN,2019-11-10,2021-01-17,63,2992,175,12,
SINGAPORE,national,SINGAPORE,2007-02-11,2008-03-23,59,9691,433,20,
SINGAPORE,national,SINGAPORE,2010-12-19,2012-03-04,64,6078,261,31,
SINGAPORE,national,SINGAPORE,2014-04-20,2014-12-14,35,13466,888,10,
SINGAPORE,national,SINGAPORE,2015-04-05,2016-11-13,85,21721,636,41,
UNITED STATES OF AMERICA,national,UNITED STATES OF AMERICA,2014-03-30,2015-01-11,42,571,38,30,
UNITED STATES OF AMERICA,national,UNITED STATES OF AMERICA,2015-04-19,2016-05-29,59,1253,48,37,
UNITED STATES OF AMERICA,national,UNITED STATES OF AMERICA,2016-06-05,2017-01-22,34,585,38,7,
UNITED STATES OF AMERICA,national,UNITED STATES OF AMERICA,2018-07-08,2019-02-24,34,320,36,12,
UNITED STATES OF AMERICA,national,UNITED STATES OF AMERICA,2019-05-26,2020-02-09,38,1078,122,19,
UNITED STATES OF AMERICA,national,UNITED STATES OF AMERICA,2022-05-22,2023-01-08,34,1086,133,15,
UNITED STATES OF AMERICA,national,UNITED STATES OF AMERICA,2024-05-19,2024-12-22,32,2463,194,17,
VENEZUELA,national,VENEZUELA,2016-05-15,2017-02-05,39,11191,598,4,
VENEZUELA,national,VENEZUELA,2018-04-22,2019-04-14,52,19379,843,23,
VENEZUELA,national,VENEZUELA,2020-05-10,2021-05-23,55,6526,307,36,
VENEZUELA,national,VENEZUELA,2022-04-24,2023-05-21,57,14955,737,28,
VIET NAM,national,VIET NAM,2017-04-09,2018-01-21,42,135491,8265,18,
VIET NAM,national,VIET NAM,2018-04-29,2019-03-24,48,134533,7273,34,
YEMEN,national,YEMEN,2019-09-01,2020-05-03,36,103578,8059,11,
YEMEN,national,YEMEN,2021-09-19,2022-05-08,34,10684,793,14,
YEMEN,national,YEMEN,2022-05-15,2023-02-19,41,20690,1226,19,
YEMEN,national,YEMEN,2023-02-26,2023-09-17,30,14184,1500,11,
YEMEN,national,YEMEN,2023-09-24,2024-07-21,44,8275,424,3,
