country,unit,window_start,wins,n,weeks,cases,unstable,always_climate,never_climate
ARGENTINA,ARGENTINA,2013-12-29,112,144,36,2837.0,True,False,False
ARGENTINA,ARGENTINA,2014-12-07,87,144,33,2774.0,True,False,False
ARGENTINA,ARGENTINA,2015-12-06,87,144,32,77523.0,True,False,False
ARGENTINA,ARGENTINA,2018-12-02,128,144,34,3185.0,True,False,False
ARGENTINA,ARGENTINA,2019-12-22,97,144,30,59295.0,True,False,False
BARBADOS,BARBADOS,2016-05-15,140,144,36,880.0,True,False,False
BARBADOS,BARBADOS,2020-08-23,77,144,30,1550.0,True,False,False
BARBADOS,BARBADOS,2023-08-13,71,144,40,1792.0,True,False,False
BELIZE,BELIZE,2014-04-13,144,144,51,5017.0,False,True,False
BELIZE,BELIZE,2016-11-27,144,144,51,3198.0,False,True,False
BELIZE,BELIZE,2019-04-28,93,144,42,13154.0,True,False,False
BELIZE,BELIZE,2020-06-07,84,144,52,2341.0,True,False,False
BOLIVIA,BENI,2014-11-23,135,144,39,4318.0,True,False,False
BOLIVIA,BENI,2015-08-30,140,144,42,17064.0,True,False,False
BOLIVIA,BENI,2017-11-19,144,144,31,2498.0,False,True,False
BOLIVIA,BENI,2018-08-19,143,144,47,4108.0,True,False,False
BOLIVIA,BENI,2019-10-13,144,144,33,8136.0,False,True,False
BOLIVIA,BENI,2020-09-20,30,144,44,2195.0,True,False,False
BOLIVIA,BENI,2021-12-05,119,144,31,2288.0,True,False,False
BOLIVIA,BOLIVIA,2015-01-11,144,144,31,22341.0,False,True,False
BOLIVIA,BOLIVIA,2015-11-08,132,144,33,31990.0,True,False,False
BOLIVIA,BOLIVIA,2017-11-12,142,144,37,5389.0,True,False,False
BOLIVIA,BOLIVIA,2019-11-10,130,144,30,114144.0,True,False,False
BOLIVIA,BOLIVIA,2021-09-05,116,144,55,12871.0,True,False,False
BOLIVIA,BOLIVIA,2022-11-06,103,144,34,154838.0,True,False,False
BOLIVIA,BOLIVIA,2023-10-15,113,144,42,50079.0,True,False,False
BOLIVIA,CHUQUISACA,2014-11-09,113,144,42,994.0,True,False,False
BOLIVIA,CHUQUISACA,2015-11-08,89,144,33,1072.0,True,False,False
BOLIVIA,CHUQUISACA,2016-11-20,144,144,35,386.0,False,True,False
BOLIVIA,CHUQUISACA,2017-12-17,95,144,30,390.0,True,False,False
BOLIVIA,CHUQUISACA,2019-11-10,128,144,31,4325.0,True,False,False
BOLIVIA,COCHABAMBA,2014-11-02,129,144,43,556.0,True,False,False
BOLIVIA,COCHABAMBA,2016-11-20,88,144,31,444.0,True,False,False
BOLIVIA,COCHABAMBA,2017-11-05,105,144,39,588.0,True,False,False
BOLIVIA,COCHABAMBA,2018-09-16,73,144,50,714.0,True,False,False
BOLIVIA,COCHABAMBA,2019-09-01,139,144,47,11239.0,True,False,False
BOLIVIA,COCHABAMBA,2020-08-09,80,144,49,507.0,True,False,False
BOLIVIA,COCHABAMBA,2021-12-12,128,144,30,1362.0,True,False,False
BOLIVIA,LA PAZ,2014-11-02,48,144,39,866.0,True,False,False
BOLIVIA,LA PAZ,2019-09-08,44,144,43,2293.0,True,False,False
BOLIVIA,LA PAZ,2020-09-13,40,144,44,1846.0,True,False,False
BOLIVIA,LA PAZ,2021-09-05,21,144,44,1389.0,True,False,False
BOLIVIA,PANDO,2016-08-28,102,144,30,1666.0,True,False,False
BOLIVIA,PANDO,2018-12-02,138,144,37,1996.0,True,False,False
BOLIVIA,PANDO,2021-08-01,87,144,48,2018.0,True,False,False
BOLIVIA,SANTA CRUZ,2015-01-11,144,144,30,35746.0,False,True,False
BOLIVIA,SANTA CRUZ,2015-11-22,144,144,32,22836.0,False,True,False
BOLIVIA,SANTA CRUZ,2016-11-06,138,144,37,8078.0,True,False,False
BOLIVIA,SANTA CRUZ,2017-12-03,139,144,34,5598.0,True,False,False
BOLIVIA,SANTA CRUZ,2020-08-16,137,144,41,1618.0,True,False,False
BOLIVIA,TARIJA,2015-01-25,132,144,30,2764.0,True,False,False
BOLIVIA,TARIJA,2017-11-26,100,144,35,788.0,True,False,False
BOLIVIA,TARIJA,2019-12-01,134,144,32,7491.0,True,False,False
BRAZIL,BRAZIL,2013-12-29,130,144,33,507151.0,True,False,False
BRAZIL,BRAZIL,2014-11-30,129,144,36,1485001.0,True,False,False
BRAZIL,BRAZIL,2016-08-07,142,144,57,550392.0,True,False,False
BRAZIL,BRAZIL,2018-12-02,129,144,38,2091193.0,True,False,False
BRAZIL,BRAZIL,2019-11-10,130,144,40,1432127.0,True,False,False
BRAZIL,BRAZIL,2020-11-15,136,144,44,890898.0,True,False,False
CAMBODIA,CAMBODIA,2012-03-18,96,144,40,41093.0,True,False,False
CAMBODIA,CAMBODIA,2013-03-17,110,144,35,15736.0,True,False,False
COLOMBIA,ARAUCA,2002-03-03,106,144,31,1846.0,True,False,False
COLOMBIA,ARAUCA,2002-11-10,135,144,45,1041.0,True,False,False
COLOMBIA,CAQUETA,2002-05-19,132,144,34,696.0,True,False,False
COLOMBIA,COLOMBIA,2018-11-04,136,144,94,206237.0,True,False,False
COLOMBIA,COLOMBIA,2023-07-02,141,144,78,400180.0,True,False,False
COLOMBIA,CORDOBA,2002-04-14,78,144,42,2581.0,True,False,False
COLOMBIA,CORDOBA,2003-02-16,58,144,31,642.0,True,False,False
COLOMBIA,QUINDIO,2002-08-18,144,144,52,6487.0,False,True,False
COLOMBIA,SUCRE,2002-02-24,101,144,33,477.0,True,False,False
COLOMBIA,TOLIMA,2002-04-07,123,144,76,8331.0,True,False,False
COSTA RICA,COSTA RICA,2017-03-05,110,144,46,4734.0,True,False,False
COSTA RICA,COSTA RICA,2020-02-09,136,144,42,8871.0,True,False,False
COSTA RICA,COSTA RICA,2023-05-14,114,144,48,35958.0,True,False,False
DOMINICAN REPUBLIC,DISTRITO NACIONAL,2009-06-07,140,144,33,745.0,True,False,False
DOMINICAN REPUBLIC,DOMINICAN REPUBLIC,2015-05-31,143,144,46,18716.0,True,False,False
DOMINICAN REPUBLIC,DOMINICAN REPUBLIC,2018-08-19,44,144,33,2238.0,True,False,False
DOMINICAN REPUBLIC,DOMINICAN REPUBLIC,2019-04-07,129,144,54,21877.0,True,False,False
DOMINICAN REPUBLIC,DOMINICAN REPUBLIC,2021-05-30,144,144,42,3998.0,False,True,False
DOMINICAN REPUBLIC,DOMINICAN REPUBLIC,2022-03-20,142,144,51,10902.0,True,False,False
DOMINICAN REPUBLIC,SAN CRISTOBAL,2009-04-26,88,144,39,386.0,True,False,False
ECUADOR,ECUADOR,2015-01-18,143,144,35,40713.0,True,False,False
ECUADOR,ECUADOR,2016-11-20,64,144,41,11267.0,True,False,False
ECUADOR,ECUADOR,2018-11-11,54,144,52,7612.0,True,False,False
ECUADOR,ECUADOR,2019-11-10,108,144,41,14355.0,True,False,False
ECUADOR,ECUADOR,2023-11-12,122,144,59,64930.0,True,False,False
ECUADOR,ORELLANA,2019-12-29,63,144,36,452.0,True,False,False
EL SALVADOR,EL SALVADOR,2014-03-16,123,144,41,48977.0,True,False,False
EL SALVADOR,EL SALVADOR,2019-04-14,128,144,39,25443.0,True,False,False
EL SALVADOR,EL SALVADOR,2021-12-12,144,144,55,16968.0,False,True,False
EL SALVADOR,EL SALVADOR,2023-01-01,61,144,45,5195.0,True,False,False
GRENADA,GRENADA,2018-03-18,109,144,39,366.0,True,False,False
GUADELOUPE,GUADELOUPE,2019-11-03,72,144,34,7694.0,True,False,False
GUADELOUPE,GUADELOUPE,2020-06-28,121,144,33,14092.0,True,False,False
GUATEMALA,GUATEMALA,2014-06-29,87,144,33,17679.0,True,False,False
GUATEMALA,GUATEMALA,2016-03-20,96,144,38,6909.0,True,False,False
GUATEMALA,GUATEMALA,2019-04-28,100,144,38,48428.0,True,False,False
GUATEMALA,GUATEMALA,2023-05-28,131,144,38,79017.0,True,False,False
GUYANA,GUYANA,2023-11-12,102,144,47,41377.0,True,False,False
HONDURAS,HONDURAS,2015-02-15,68,144,36,34840.0,True,False,False
HONDURAS,HONDURAS,2018-09-02,85,144,32,10810.0,True,False,False
HONDURAS,HONDURAS,2019-04-14,107,144,42,129675.0,True,False,False
HONDURAS,HONDURAS,2021-04-25,125,144,44,19524.0,True,False,False
HONDURAS,HONDURAS,2024-03-17,129,144,39,167773.0,True,False,False
JAMAICA,JAMAICA,2019-06-09,77,144,30,3988.0,True,False,False
JAMAICA,JAMAICA,2023-07-16,72,144,32,8751.0,True,False,False
LAO PEOPLE'S DEMOCRATIC REPUBLIC,LAO PEOPLE'S DEMOCRATIC REPUBLIC,2018-03-25,113,144,44,6493.0,True,False,False
LAO PEOPLE'S DEMOCRATIC REPUBLIC,LAO PEOPLE'S DEMOCRATIC REPUBLIC,2019-03-31,109,144,38,37476.0,True,False,False
LAO PEOPLE'S DEMOCRATIC REPUBLIC,LAO PEOPLE'S DEMOCRATIC REPUBLIC,2020-03-15,89,144,42,7144.0,True,False,False
LAO PEOPLE'S DEMOCRATIC REPUBLIC,LAO PEOPLE'S DEMOCRATIC REPUBLIC,2021-03-21,112,144,43,1154.0,True,False,False
LAO PEOPLE'S DEMOCRATIC REPUBLIC,LAO PEOPLE'S DEMOCRATIC REPUBLIC,2022-04-10,140,144,36,28724.0,True,False,False
LAO PEOPLE'S DEMOCRATIC REPUBLIC,LAO PEOPLE'S DEMOCRATIC REPUBLIC,2023-04-02,120,144,35,31012.0,True,False,False
MEXICO,BAJA CALIFORNIA SUR,2003-06-08,111,144,34,776.0,True,False,False
MEXICO,CHIAPAS,2005-05-08,71,144,37,2024.0,True,False,False
MEXICO,CHIAPAS,2006-04-02,96,144,45,724.0,True,False,False
MEXICO,CHIAPAS,2007-03-18,56,144,41,2828.0,True,False,False
MEXICO,COLIMA,2005-06-26,109,144,32,437.0,True,False,False
MEXICO,COLIMA,2006-07-16,65,144,31,1258.0,True,False,False
MEXICO,GUERRERO,2006-06-18,78,144,35,4336.0,True,False,False
MEXICO,GUERRERO,2007-05-13,76,144,33,3687.0,True,False,False
MEXICO,MEXICO,2014-03-23,141,144,46,116820.0,True,False,False
MEXICO,MEXICO,2016-04-03,141,144,44,112953.0,True,False,False
MEXICO,MEXICO,2017-04-16,140,144,42,82966.0,True,False,False
MEXICO,MEXICO,2018-05-20,144,144,38,74448.0,False,True,False
MEXICO,MEXICO,2019-06-09,120,144,35,257636.0,True,False,False
MEXICO,MEXICO,2020-04-05,143,144,44,101975.0,True,False,False
MEXICO,MEXICO,2022-03-27,91,144,45,60956.0,True,False,False
MEXICO,MEXICO,2023-05-21,123,144,38,283726.0,True,False,False
MEXICO,MICHOACAN,2006-06-25,59,144,33,378.0,True,False,False
MEXICO,MORELOS,2006-06-11,107,144,34,2778.0,True,False,False
MEXICO,MORELOS,2007-05-20,67,144,32,1247.0,True,False,False
MEXICO,NAYARIT,2005-06-26,82,144,36,419.0,True,False,False
MEXICO,OAXACA,2005-06-19,66,144,34,1127.0,True,False,False
MEXICO,QUINTANA ROO,2006-06-18,61,144,35,2430.0,True,False,False
MEXICO,SINALOA,2003-07-13,96,144,30,1492.0,True,False,False
MEXICO,TABASCO,2005-05-22,56,144,30,358.0,True,False,False
MEXICO,VERACRUZ,2003-07-13,73,144,31,1035.0,True,False,False
MEXICO,VERACRUZ,2004-05-30,123,144,35,5567.0,True,False,False
MEXICO,VERACRUZ,2005-05-22,76,144,36,4425.0,True,False,False
MEXICO,VERACRUZ,2006-07-02,96,144,32,8133.0,True,False,False
NEW CALEDONIA,NEW CALEDONIA,2012-11-11,123,144,37,10918.0,True,False,False
NICARAGUA,BOACO,2009-06-07,47,144,35,653.0,True,False,False
NICARAGUA,BOACO,2014-03-30,136,144,36,2152.0,True,False,False
NICARAGUA,CARAZO,2009-08-09,134,144,39,848.0,True,False,False
NICARAGUA,CARAZO,2010-06-13,144,144,34,1202.0,False,True,False
NICARAGUA,CARAZO,2012-07-08,110,144,30,739.0,True,False,False
NICARAGUA,CHINANDEGA,2011-05-29,88,144,34,590.0,True,False,False
NICARAGUA,CHINANDEGA,2012-06-24,102,144,35,868.0,True,False,False
NICARAGUA,CHONTALES,2009-06-28,144,144,32,540.0,False,True,False
NICARAGUA,ESTELI,2010-06-13,119,144,32,902.0,True,False,False
NICARAGUA,ESTELI,2012-05-06,144,144,40,2068.0,False,True,False
NICARAGUA,GRANADA,2012-07-01,100,144,38,2023.0,True,False,False
NICARAGUA,JINOTEGA,2010-03-21,85,144,41,527.0,True,False,False
NICARAGUA,JINOTEGA,2014-04-20,144,144,36,1217.0,False,True,False
NICARAGUA,LEON,2011-06-05,102,144,33,1616.0,True,False,False
NICARAGUA,LEON,2012-06-24,93,144,31,1692.0,True,False,False
NICARAGUA,MANAGUA,2009-08-02,122,144,36,9439.0,True,False,False
NICARAGUA,MANAGUA,2011-02-13,74,144,51,2194.0,True,False,False
NICARAGUA,MANAGUA,2012-05-20,53,144,41,10401.0,True,False,False
NICARAGUA,MASAYA,2011-05-01,131,144,53,987.0,True,False,False
NICARAGUA,MASAYA,2012-05-06,39,144,47,2438.0,True,False,False
NICARAGUA,MATAGALPA,2009-05-03,53,144,41,1316.0,True,False,False
NICARAGUA,NICARAGUA,2014-03-02,95,144,58,39400.0,True,False,False
NICARAGUA,NICARAGUA,2015-04-12,74,144,43,47475.0,True,False,False
NICARAGUA,NICARAGUA,2016-02-07,115,144,53,89188.0,True,False,False
NICARAGUA,NICARAGUA,2019-04-07,78,144,44,177182.0,True,False,False
NICARAGUA,NICARAGUA,2023-02-19,134,144,58,187876.0,True,False,False
NICARAGUA,NUEVA SEGOVIA,2010-03-07,136,144,44,521.0,True,False,False
NICARAGUA,REGION AUTONOMA DEL ATLANTICO SUR,2009-03-29,71,144,32,1407.0,True,False,False
NICARAGUA,RIO SAN JUAN,2013-03-24,111,144,31,421.0,True,False,False
NICARAGUA,RIVAS,2010-03-14,99,144,40,566.0,True,False,False
NICARAGUA,RIVAS,2012-04-15,90,144,49,1273.0,True,False,False
PANAMA,PANAMA,2014-09-07,128,144,30,1285.0,True,False,False
PANAMA,PANAMA,2019-05-12,76,144,51,11017.0,True,False,False
PANAMA,PANAMA,2022-04-03,121,144,54,13361.0,True,False,False
PARAGUAY,PARAGUAY,2017-11-05,125,144,33,27386.0,True,False,False
PARAGUAY,PARAGUAY,2022-10-02,134,144,45,26098.0,True,False,False
PARAGUAY,PARAGUAY,2023-10-15,124,144,38,322891.0,True,False,False
PERU,AMAZONAS,2012-02-12,125,144,30,466.0,True,False,False
PERU,AMAZONAS,2012-09-23,96,144,48,700.0,True,False,False
PERU,ANCASH,2012-12-30,105,144,30,618.0,True,False,False
PERU,CAJAMARCA,2011-12-11,122,144,33,3675.0,True,False,False
PERU,JUNIN,2011-11-13,44,144,33,492.0,True,False,False
PERU,LORETO,2012-09-09,104,144,47,3942.0,True,False,False
PERU,MADRE DE DIOS,2012-01-08,68,144,35,1371.0,True,False,False
PERU,MADRE DE DIOS,2012-09-09,91,144,45,2747.0,True,False,False
PERU,PERU,2017-08-13,70,144,47,10542.0,True,False,False
PERU,PERU,2021-08-22,120,144,54,73875.0,True,False,False
PERU,PERU,2023-02-05,114,144,35,245014.0,True,False,False
PERU,PERU,2023-12-10,140,144,32,265387.0,True,False,False
PERU,PIURA,2012-02-26,89,144,34,1242.0,True,False,False
PERU,SAN MARTIN,2011-08-28,29,144,37,401.0,True,False,False
PERU,SAN MARTIN,2013-05-12,68,144,33,979.0,True,False,False
PERU,TUMBES,2012-12-30,120,144,37,476.0,True,False,False
PHILIPPINES,PHILIPPINES,2019-04-14,103,144,41,384653.0,True,False,False
PUERTO RICO,PUERTO RICO,2020-06-28,46,144,46,873.0,True,False,False
PUERTO RICO,PUERTO RICO,2022-07-31,50,144,36,1124.0,True,False,False
SAINT BARTHELEMY,SAINT BARTHELEMY,2020-02-16,128,144,52,1589.0,True,False,False
SAINT MARTIN,SAINT MARTIN,2019-11-10,88,144,63,2992.0,True,False,False
SINGAPORE,SINGAPORE,2007-02-11,144,144,59,9691.0,False,True,False
SINGAPORE,SINGAPORE,2010-12-19,133,144,64,6078.0,True,False,False
SINGAPORE,SINGAPORE,2014-04-20,116,144,35,13466.0,True,False,False
SINGAPORE,SINGAPORE,2015-04-05,127,144,85,21721.0,True,False,False
UNITED STATES OF AMERICA,UNITED STATES OF AMERICA,2014-03-30,95,144,42,571.0,True,False,False
UNITED STATES OF AMERICA,UNITED STATES OF AMERICA,2015-04-19,143,144,59,1253.0,True,False,False
UNITED STATES OF AMERICA,UNITED STATES OF AMERICA,2016-06-05,87,144,34,585.0,True,False,False
UNITED STATES OF AMERICA,UNITED STATES OF AMERICA,2018-07-08,31,144,34,320.0,True,False,False
UNITED STATES OF AMERICA,UNITED STATES OF AMERICA,2019-05-26,72,144,38,1078.0,True,False,False
UNITED STATES OF AMERICA,UNITED STATES OF AMERICA,2022-05-22,37,144,34,1086.0,True,False,False
UNITED STATES OF AMERICA,UNITED STATES OF AMERICA,2024-05-19,98,144,32,2463.0,True,False,False
VENEZUELA,VENEZUELA,2016-05-15,98,144,39,11191.0,True,False,False
VENEZUELA,VENEZUELA,2018-04-22,144,144,52,19379.0,False,True,False
VENEZUELA,VENEZUELA,2020-05-10,118,144,55,6526.0,True,False,False
VENEZUELA,VENEZUELA,2022-04-24,139,144,57,14955.0,True,False,False
VIET NAM,VIET NAM,2017-04-09,109,144,42,135491.0,True,False,False
VIET NAM,VIET NAM,2018-04-29,107,144,48,134533.0,True,False,False
YEMEN,YEMEN,2019-09-01,128,144,36,103578.0,True,False,False
YEMEN,YEMEN,2021-09-19,112,144,34,10684.0,True,False,False
YEMEN,YEMEN,2022-05-15,134,144,41,20690.0,True,False,False
YEMEN,YEMEN,2023-02-26,121,144,30,14184.0,True,False,False
YEMEN,YEMEN,2023-09-24,142,144,44,8275.0,True,False,False
