country,unit,level,window_start,weeks,cases,observation,temp_form,rain_lag,train_frac,structure,delta_aic,climate_wins,heldout_delta,R0_climate,R0_constant,a_temp,a_rain
ARGENTINA,ARGENTINA,national,2013-12-29,36,2837,nb,briere,3,1.0,hostvector,-0.874,True,,1.0391,1.1683,0.0184,0.0231
ARGENTINA,ARGENTINA,national,2013-12-29,36,2837,nb,briere,3,1.0,seir,0.372,False,,1.1011,1.1881,0.0255,-0.021
ARGENTINA,ARGENTINA,national,2013-12-29,36,2837,nb,briere,3,0.75,hostvector,0.079,False,-1.466,1.0506,1.1557,0.0209,0.0135
ARGENTINA,ARGENTINA,national,2013-12-29,36,2837,nb,briere,3,0.75,seir,1.09,False,-0.136,1.1153,1.2028,0.0289,-0.0308
ARGENTINA,ARGENTINA,national,2013-12-29,36,2837,nb,briere,5,1.0,hostvector,-0.747,True,,1.055,1.1683,0.0205,0.0036
ARGENTINA,ARGENTINA,national,2013-12-29,36,2837,nb,briere,5,1.0,seir,-0.29,True,,1.1188,1.1881,0.0276,-0.0512
ARGENTINA,ARGENTINA,national,2013-12-29,36,2837,nb,briere,5,0.75,hostvector,0.074,False,-1.277,1.0529,1.1557,0.0213,0.0129
ARGENTINA,ARGENTINA,national,2013-12-29,36,2837,nb,briere,5,0.75,seir,0.806,False,-0.886,1.1184,1.2028,0.0287,-0.0431
ARGENTINA,ARGENTINA,national,2013-12-29,36,2837,nb,briere,7,1.0,hostvector,-0.743,True,,1.0575,1.1683,0.0208,-0.0
ARGENTINA,ARGENTINA,national,2013-12-29,36,2837,nb,briere,7,1.0,seir,0.129,False,,1.1009,1.1881,0.025,-0.0289
ARGENTINA,ARGENTINA,national,2013-12-29,36,2837,nb,briere,7,0.75,hostvector,0.082,False,-1.218,1.0557,1.1557,0.0219,0.0104
ARGENTINA,ARGENTINA,national,2013-12-29,36,2837,nb,briere,7,0.75,seir,1.156,False,-0.729,1.1017,1.2028,0.0265,-0.0208
ARGENTINA,ARGENTINA,national,2013-12-29,36,2837,nb,loglinear,3,1.0,hostvector,1.577,False,,0.9421,1.1683,0.0715,0.0652
ARGENTINA,ARGENTINA,national,2013-12-29,36,2837,nb,loglinear,3,1.0,seir,2.304,False,,0.968,1.1881,0.1198,0.0176
ARGENTINA,ARGENTINA,national,2013-12-29,36,2837,nb,loglinear,3,0.75,hostvector,2.619,False,6.961,0.9689,1.1557,0.068,0.0544
ARGENTINA,ARGENTINA,national,2013-12-29,36,2837,nb,loglinear,3,0.75,seir,3.319,False,14.834,1.0055,1.2028,0.1207,0.0107
ARGENTINA,ARGENTINA,national,2013-12-29,36,2837,nb,loglinear,5,1.0,hostvector,1.734,False,,0.9478,1.1683,0.0888,0.0504
ARGENTINA,ARGENTINA,national,2013-12-29,36,2837,nb,loglinear,5,1.0,seir,2.358,False,,0.97,1.1881,0.1253,0.0101
ARGENTINA,ARGENTINA,national,2013-12-29,36,2837,nb,loglinear,5,0.75,hostvector,2.301,False,7.222,0.9707,1.1557,0.0843,0.0566
ARGENTINA,ARGENTINA,national,2013-12-29,36,2837,nb,loglinear,5,0.75,seir,3.239,False,13.673,1.003,1.2028,0.1229,0.0183
ARGENTINA,ARGENTINA,national,2013-12-29,36,2837,nb,loglinear,7,1.0,hostvector,2.078,False,,0.9501,1.1683,0.1001,0.0379
ARGENTINA,ARGENTINA,national,2013-12-29,36,2837,nb,loglinear,7,1.0,seir,2.274,False,,0.9685,1.1881,0.1255,0.0159
ARGENTINA,ARGENTINA,national,2013-12-29,36,2837,nb,loglinear,7,0.75,hostvector,1.938,False,66.196,1.6079,1.1557,-0.3229,0.0032
ARGENTINA,ARGENTINA,national,2013-12-29,36,2837,nb,loglinear,7,0.75,seir,2.961,False,11.831,0.9974,1.2028,0.1296,0.0329
ARGENTINA,ARGENTINA,national,2013-12-29,36,2837,poisson,briere,3,1.0,hostvector,-105.542,True,,1.1158,1.2055,0.0289,-0.0331
ARGENTINA,ARGENTINA,national,2013-12-29,36,2837,poisson,briere,3,1.0,seir,-95.835,True,,1.1318,1.2058,0.0303,-0.0453
ARGENTINA,ARGENTINA,national,2013-12-29,36,2837,poisson,briere,3,0.75,hostvector,-99.773,True,2.631,1.1275,1.1979,0.0327,-0.0389
ARGENTINA,ARGENTINA,national,2013-12-29,36,2837,poisson,briere,3,0.75,seir,-93.726,True,18.514,1.1452,1.2048,0.035,-0.0507
ARGENTINA,ARGENTINA,national,2013-12-29,36,2837,poisson,briere,5,1.0,hostvector,-110.205,True,,1.1171,1.2055,0.0287,-0.0378
ARGENTINA,ARGENTINA,national,2013-12-29,36,2837,poisson,briere,5,1.0,seir,-104.951,True,,1.1336,1.2058,0.03,-0.0519
ARGENTINA,ARGENTINA,national,2013-12-29,36,2837,poisson,briere,5,0.75,hostvector,-100.595,True,-4.964,1.1199,1.1979,0.0309,-0.0344
ARGENTINA,ARGENTINA,national,2013-12-29,36,2837,poisson,briere,5,0.75,seir,-97.118,True,5.467,1.1376,1.2048,0.0329,-0.0477
ARGENTINA,ARGENTINA,national,2013-12-29,36,2837,poisson,briere,7,1.0,hostvector,-102.026,True,,1.0963,1.2055,0.0259,-0.0137
ARGENTINA,ARGENTINA,national,2013-12-29,36,2837,poisson,briere,7,1.0,seir,-90.548,True,,1.1081,1.2058,0.0266,-0.0214
ARGENTINA,ARGENTINA,national,2013-12-29,36,2837,poisson,briere,7,0.75,hostvector,-92.98,True,-3.648,1.0982,1.1979,0.0282,-0.0085
ARGENTINA,ARGENTINA,national,2013-12-29,36,2837,poisson,briere,7,0.75,seir,-83.382,True,6.846,1.1109,1.2048,0.0296,-0.0149
ARGENTINA,ARGENTINA,national,2013-12-29,36,2837,poisson,loglinear,3,1.0,hostvector,-20.96,True,,0.972,1.2055,0.1309,0.0045
ARGENTINA,ARGENTINA,national,2013-12-29,36,2837,poisson,loglinear,3,1.0,seir,-23.296,True,,0.9777,1.2058,0.1407,-0.0054
ARGENTINA,ARGENTINA,national,2013-12-29,36,2837,poisson,loglinear,3,0.75,hostvector,-31.723,True,264.967,1.6279,1.1979,-0.2875,-0.0478
ARGENTINA,ARGENTINA,national,2013-12-29,36,2837,poisson,loglinear,3,0.75,seir,-14.624,True,330.698,1.0216,1.2048,0.1334,-0.0096
ARGENTINA,ARGENTINA,national,2013-12-29,36,2837,poisson,loglinear,5,1.0,hostvector,-23.04,True,,0.9687,1.2055,0.1266,0.015
ARGENTINA,ARGENTINA,national,2013-12-29,36,2837,poisson,loglinear,5,1.0,seir,-23.491,True,,0.9746,1.2058,0.1346,0.0061
ARGENTINA,ARGENTINA,national,2013-12-29,36,2837,poisson,loglinear,5,0.75,hostvector,-14.77,True,271.24,1.0069,1.1979,0.1158,0.0137
ARGENTINA,ARGENTINA,national,2013-12-29,36,2837,poisson,loglinear,5,0.75,seir,-14.431,True,271.558,1.0142,1.2048,0.1266,0.0062
ARGENTINA,ARGENTINA,national,2013-12-29,36,2837,poisson,loglinear,7,1.0,hostvector,-31.546,True,,0.9634,1.2055,0.1274,0.029
ARGENTINA,ARGENTINA,national,2013-12-29,36,2837,poisson,loglinear,7,1.0,seir,-31.402,True,,0.9679,1.2058,0.1322,0.0258
ARGENTINA,ARGENTINA,national,2013-12-29,36,2837,poisson,loglinear,7,0.75,hostvector,-23.928,True,211.566,0.9981,1.1979,0.1235,0.0325
ARGENTINA,ARGENTINA,national,2013-12-29,36,2837,poisson,loglinear,7,0.75,seir,-24.356,True,187.618,1.002,1.2048,0.1331,0.0325
COSTA RICA,COSTA RICA,national,2020-02-09,42,8871,nb,briere,3,1.0,hostvector,-7.516,True,,1.3432,1.1575,0.0,0.1519
COSTA RICA,COSTA RICA,national,2020-02-09,42,8871,nb,briere,3,1.0,seir,-2.999,True,,1.3767,1.1766,0.0401,0.1333
COSTA RICA,COSTA RICA,national,2020-02-09,42,8871,nb,briere,3,0.75,hostvector,-5.976,True,-1.256,1.4101,1.1208,0.0,0.1874
COSTA RICA,COSTA RICA,national,2020-02-09,42,8871,nb,briere,3,0.75,seir,-2.564,True,8.091,1.4286,1.1592,0.0,0.1695
COSTA RICA,COSTA RICA,national,2020-02-09,42,8871,nb,briere,5,1.0,hostvector,0.877,False,,1.2964,1.1575,0.0,0.0962
COSTA RICA,COSTA RICA,national,2020-02-09,42,8871,nb,briere,5,1.0,seir,3.293,False,,1.2585,1.1766,0.0,0.054
COSTA RICA,COSTA RICA,national,2020-02-09,42,8871,nb,briere,5,0.75,hostvector,2.574,False,19.455,1.4286,1.1208,0.0,0.1694
COSTA RICA,COSTA RICA,national,2020-02-09,42,8871,nb,briere,5,0.75,seir,3.72,False,15.353,1.0293,1.1592,0.0,-0.0752
COSTA RICA,COSTA RICA,national,2020-02-09,42,8871,nb,briere,7,1.0,hostvector,-0.777,True,,0.9881,1.1575,0.0,-0.0999
COSTA RICA,COSTA RICA,national,2020-02-09,42,8871,nb,briere,7,1.0,seir,-0.713,True,,0.9998,1.1766,0.0,-0.1128
COSTA RICA,COSTA RICA,national,2020-02-09,42,8871,nb,briere,7,0.75,hostvector,-1.211,True,-3.789,1.0082,1.1208,0.0,-0.0757
COSTA RICA,COSTA RICA,national,2020-02-09,42,8871,nb,briere,7,0.75,seir,-1.83,True,2.012,1.0155,1.1592,0.0,-0.0954
COSTA RICA,COSTA RICA,national,2020-02-09,42,8871,nb,loglinear,3,1.0,hostvector,-7.897,True,,1.3513,1.1575,-0.0554,0.0987
COSTA RICA,COSTA RICA,national,2020-02-09,42,8871,nb,loglinear,3,1.0,seir,-3.045,True,,1.3391,1.1766,0.0228,0.15
COSTA RICA,COSTA RICA,national,2020-02-09,42,8871,nb,loglinear,3,0.75,hostvector,-9.179,True,-13.756,1.3771,1.1208,-0.1747,0.0195
COSTA RICA,COSTA RICA,national,2020-02-09,42,8871,nb,loglinear,3,0.75,seir,-3.154,True,-0.798,1.4251,1.1592,-0.0871,0.0919
COSTA RICA,COSTA RICA,national,2020-02-09,42,8871,nb,loglinear,5,1.0,hostvector,-7.999,True,,1.3343,1.1575,-0.2131,-0.0772
COSTA RICA,COSTA RICA,national,2020-02-09,42,8871,nb,loglinear,5,1.0,seir,-1.655,True,,1.3302,1.1766,-0.1791,-0.0688
COSTA RICA,COSTA RICA,national,2020-02-09,42,8871,nb,loglinear,5,0.75,hostvector,-9.61,True,-7.852,1.3202,1.1208,-0.2294,-0.0591
COSTA RICA,COSTA RICA,national,2020-02-09,42,8871,nb,loglinear,5,0.75,seir,-2.967,True,-1.839,1.3089,1.1592,-0.2025,-0.0725
COSTA RICA,COSTA RICA,national,2020-02-09,42,8871,nb,loglinear,7,1.0,hostvector,-12.676,True,,1.2509,1.1575,-0.2314,-0.1436
COSTA RICA,COSTA RICA,national,2020-02-09,42,8871,nb,loglinear,7,1.0,seir,-6.594,True,,1.1866,1.1766,-0.1851,-0.159
COSTA RICA,COSTA RICA,national,2020-02-09,42,8871,nb,loglinear,7,0.75,hostvector,-13.757,True,56.322,0.9426,1.1208,-0.1894,-0.2605
COSTA RICA,COSTA RICA,national,2020-02-09,42,8871,nb,loglinear,7,0.75,seir,-8.778,True,26.791,0.9663,1.1592,-0.1476,-0.2361
COSTA RICA,COSTA RICA,national,2020-02-09,42,8871,poisson,briere,3,1.0,hostvector,-213.017,True,,1.3208,1.2183,0.0,0.1033
COSTA RICA,COSTA RICA,national,2020-02-09,42,8871,poisson,briere,3,1.0,seir,-169.119,True,,1.3355,1.2201,0.0,0.1017
COSTA RICA,COSTA RICA,national,2020-02-09,42,8871,poisson,briere,3,0.75,hostvector,-245.362,True,194.875,1.3743,1.2161,0.0,0.1281
COSTA RICA,COSTA RICA,national,2020-02-09,42,8871,poisson,briere,3,0.75,seir,-196.189,True,195.82,1.4018,1.2214,0.0,0.1298
COSTA RICA,COSTA RICA,national,2020-02-09,42,8871,poisson,briere,5,1.0,hostvector,-53.105,True,,1.2874,1.2183,0.0,0.0557
COSTA RICA,COSTA RICA,national,2020-02-09,42,8871,poisson,briere,5,1.0,seir,-20.05,True,,1.2784,1.2201,0.0,0.0418
COSTA RICA,COSTA RICA,national,2020-02-09,42,8871,poisson,briere,5,0.75,hostvector,-108.987,True,442.177,1.4017,1.2161,0.0,0.1165
COSTA RICA,COSTA RICA,national,2020-02-09,42,8871,poisson,briere,5,0.75,seir,-41.062,True,233.928,1.3921,1.2214,0.0,0.0963
COSTA RICA,COSTA RICA,national,2020-02-09,42,8871,poisson,briere,7,1.0,hostvector,-52.563,True,,1.0,1.2183,0.0,-0.1309
COSTA RICA,COSTA RICA,national,2020-02-09,42,8871,poisson,briere,7,1.0,seir,-88.228,True,,1.0054,1.2201,0.0,-0.1323
COSTA RICA,COSTA RICA,national,2020-02-09,42,8871,poisson,briere,7,0.75,hostvector,-130.348,True,264.349,1.0168,1.2161,0.0,-0.1109
COSTA RICA,COSTA RICA,national,2020-02-09,42,8871,poisson,briere,7,0.75,seir,-147.658,True,205.687,1.0203,1.2214,0.0,-0.1149
COSTA RICA,COSTA RICA,national,2020-02-09,42,8871,poisson,loglinear,3,1.0,hostvector,-237.033,True,,1.3424,1.2183,-0.0822,0.0317
COSTA RICA,COSTA RICA,national,2020-02-09,42,8871,poisson,loglinear,3,1.0,seir,-180.771,True,,1.3593,1.2201,-0.0648,0.0484
COSTA RICA,COSTA RICA,national,2020-02-09,42,8871,poisson,loglinear,3,0.75,hostvector,-338.082,True,25.814,1.3482,1.2161,-0.1557,-0.0155
COSTA RICA,COSTA RICA,national,2020-02-09,42,8871,poisson,loglinear,3,0.75,seir,-254.082,True,23.106,1.3905,1.2214,-0.1361,0.0083
COSTA RICA,COSTA RICA,national,2020-02-09,42,8871,poisson,loglinear,5,1.0,hostvector,-270.375,True,,1.3334,1.2183,-0.1706,-0.0633
COSTA RICA,COSTA RICA,national,2020-02-09,42,8871,poisson,loglinear,5,1.0,seir,-211.225,True,,1.3486,1.2201,-0.1729,-0.0681
COSTA RICA,COSTA RICA,national,2020-02-09,42,8871,poisson,loglinear,5,0.75,hostvector,-340.887,True,28.624,1.3318,1.2161,-0.1574,-0.0249
COSTA RICA,COSTA RICA,national,2020-02-09,42,8871,poisson,loglinear,5,0.75,seir,-259.257,True,8.309,1.3501,1.2214,-0.1611,-0.0336
COSTA RICA,COSTA RICA,national,2020-02-09,42,8871,poisson,loglinear,7,1.0,hostvector,-343.071,True,,1.269,1.2183,-0.1631,-0.0932
COSTA RICA,COSTA RICA,national,2020-02-09,42,8871,poisson,loglinear,7,1.0,seir,-298.103,True,,1.2411,1.2201,-0.1555,-0.1114
COSTA RICA,COSTA RICA,national,2020-02-09,42,8871,poisson,loglinear,7,0.75,hostvector,-349.953,True,50.764,1.2528,1.2161,-0.1505,-0.0662
COSTA RICA,COSTA RICA,national,2020-02-09,42,8871,poisson,loglinear,7,0.75,seir,-304.756,True,-17.819,1.038,1.2214,-0.119,-0.1787
NICARAGUA,JINOTEGA,admin1,2010-03-21,41,527,nb,briere,3,1.0,hostvector,-8.467,True,,2.1034,1.2623,1.022,0.1213
NICARAGUA,JINOTEGA,admin1,2010-03-21,41,527,nb,briere,3,1.0,seir,-7.643,True,,2.1215,1.271,1.0339,0.1059
NICARAGUA,JINOTEGA,admin1,2010-03-21,41,527,nb,briere,3,0.75,hostvector,3.046,False,63.628,1.1186,1.1568,0.0,-0.0742
NICARAGUA,JINOTEGA,admin1,2010-03-21,41,527,nb,briere,3,0.75,seir,2.45,False,61.253,1.1606,1.1706,0.0505,-0.0791
NICARAGUA,JINOTEGA,admin1,2010-03-21,41,527,nb,briere,5,1.0,hostvector,-8.555,True,,2.3445,1.2623,1.1308,0.137
NICARAGUA,JINOTEGA,admin1,2010-03-21,41,527,nb,briere,5,1.0,seir,-7.957,True,,2.3421,1.271,1.1308,0.1252
NICARAGUA,JINOTEGA,admin1,2010-03-21,41,527,nb,briere,5,0.75,hostvector,2.96,False,-38.214,1.9283,1.1568,0.8964,0.0764
NICARAGUA,JINOTEGA,admin1,2010-03-21,41,527,nb,briere,5,0.75,seir,2.098,False,-40.112,2.3082,1.1706,1.1915,0.1069
NICARAGUA,JINOTEGA,admin1,2010-03-21,41,527,nb,briere,7,1.0,hostvector,-10.15,True,,2.533,1.2623,1.1681,0.1635
NICARAGUA,JINOTEGA,admin1,2010-03-21,41,527,nb,briere,7,1.0,seir,-9.867,True,,2.5575,1.271,1.1773,0.1606
NICARAGUA,JINOTEGA,admin1,2010-03-21,41,527,nb,briere,7,0.75,hostvector,2.285,False,-45.09,2.1107,1.1568,0.9588,0.1086
NICARAGUA,JINOTEGA,admin1,2010-03-21,41,527,nb,briere,7,0.75,seir,1.346,False,-43.848,2.3978,1.1706,1.1515,0.1298
NICARAGUA,JINOTEGA,admin1,2010-03-21,41,527,nb,loglinear,3,1.0,hostvector,-8.24,True,,1.0701,1.2623,0.2586,0.1542
NICARAGUA,JINOTEGA,admin1,2010-03-21,41,527,nb,loglinear,3,1.0,seir,-7.45,True,,1.071,1.271,0.2618,0.141
NICARAGUA,JINOTEGA,admin1,2010-03-21,41,527,nb,loglinear,3,0.75,hostvector,3.038,False,57.982,1.1187,1.1568,-0.0254,-0.0952
NICARAGUA,JINOTEGA,admin1,2010-03-21,41,527,nb,loglinear,3,0.75,seir,2.436,False,80.56,1.1269,1.1706,0.0363,-0.0559
NICARAGUA,JINOTEGA,admin1,2010-03-21,41,527,nb,loglinear,5,1.0,hostvector,-8.082,True,,1.1219,1.2623,0.2872,0.173
NICARAGUA,JINOTEGA,admin1,2010-03-21,41,527,nb,loglinear,5,1.0,seir,-7.627,True,,1.1223,1.271,0.2903,0.1656
NICARAGUA,JINOTEGA,admin1,2010-03-21,41,527,nb,loglinear,5,0.75,hostvector,2.914,False,27.225,1.1627,1.1568,0.1575,0.0796
NICARAGUA,JINOTEGA,admin1,2010-03-21,41,527,nb,loglinear,5,0.75,seir,2.024,False,32.248,1.177,1.1706,0.2061,0.1098
NICARAGUA,JINOTEGA,admin1,2010-03-21,41,527,nb,loglinear,7,1.0,hostvector,-9.582,True,,1.1932,1.2623,0.2879,0.1942
NICARAGUA,JINOTEGA,admin1,2010-03-21,41,527,nb,loglinear,7,1.0,seir,-9.603,True,,1.2023,1.271,0.2964,0.1983
NICARAGUA,JINOTEGA,admin1,2010-03-21,41,527,nb,loglinear,7,0.75,hostvector,2.233,False,-28.742,1.2266,1.1568,0.166,0.1094
NICARAGUA,JINOTEGA,admin1,2010-03-21,41,527,nb,loglinear,7,0.75,seir,1.27,False,-27.704,1.2494,1.1706,0.1974,0.1306
NICARAGUA,JINOTEGA,admin1,2010-03-21,41,527,poisson,briere,3,1.0,hostvector,-30.67,True,,2.2676,1.2502,1.1567,0.14
NICARAGUA,JINOTEGA,admin1,2010-03-21,41,527,poisson,briere,3,1.0,seir,-28.945,True,,2.2694,1.2562,1.1544,0.1293
NICARAGUA,JINOTEGA,admin1,2010-03-21,41,527,poisson,briere,3,0.75,hostvector,2.103,False,301.891,1.1295,1.152,0.0,-0.0646
NICARAGUA,JINOTEGA,admin1,2010-03-21,41,527,poisson,briere,3,0.75,seir,1.332,False,328.022,1.1431,1.1599,0.0169,-0.0731
NICARAGUA,JINOTEGA,admin1,2010-03-21,41,527,poisson,briere,5,1.0,hostvector,-31.15,True,,2.5508,1.2502,1.2773,0.1486
NICARAGUA,JINOTEGA,admin1,2010-03-21,41,527,poisson,briere,5,1.0,seir,-30.33,True,,2.5657,1.2562,1.2856,0.1453
NICARAGUA,JINOTEGA,admin1,2010-03-21,41,527,poisson,briere,5,0.75,hostvector,1.68,False,-125.769,1.803,1.152,0.7735,0.0654
NICARAGUA,JINOTEGA,admin1,2010-03-21,41,527,poisson,briere,5,0.75,seir,0.214,False,-128.24,2.0537,1.1599,0.9885,0.0868
NICARAGUA,JINOTEGA,admin1,2010-03-21,41,527,poisson,briere,7,1.0,hostvector,-37.402,True,,2.6738,1.2502,1.2647,0.1654
NICARAGUA,JINOTEGA,admin1,2010-03-21,41,527,poisson,briere,7,1.0,seir,-37.374,True,,2.7195,1.2562,1.2812,0.1697
NICARAGUA,JINOTEGA,admin1,2010-03-21,41,527,poisson,briere,7,0.75,hostvector,-1.086,True,-150.81,2.0255,1.152,0.8871,0.1015
NICARAGUA,JINOTEGA,admin1,2010-03-21,41,527,poisson,briere,7,0.75,seir,-2.749,True,-145.991,2.2281,1.1599,1.0305,0.1176
NICARAGUA,JINOTEGA,admin1,2010-03-21,41,527,poisson,loglinear,3,1.0,hostvector,-29.527,True,,1.0574,1.2502,0.287,0.1732
NICARAGUA,JINOTEGA,admin1,2010-03-21,41,527,poisson,loglinear,3,1.0,seir,-27.983,True,,1.059,1.2562,0.2888,0.1648
NICARAGUA,JINOTEGA,admin1,2010-03-21,41,527,poisson,loglinear,3,0.75,hostvector,2.081,False,307.106,1.1288,1.152,-0.023,-0.0836
NICARAGUA,JINOTEGA,admin1,2010-03-21,41,527,poisson,loglinear,3,0.75,seir,1.308,False,363.427,1.1329,1.1599,0.0251,-0.0539
NICARAGUA,JINOTEGA,admin1,2010-03-21,41,527,poisson,loglinear,5,1.0,hostvector,-29.075,True,,1.1102,1.2502,0.315,0.1803
NICARAGUA,JINOTEGA,admin1,2010-03-21,41,527,poisson,loglinear,5,1.0,seir,-28.758,True,,1.1107,1.2562,0.3225,0.1814
NICARAGUA,JINOTEGA,admin1,2010-03-21,41,527,poisson,loglinear,5,0.75,hostvector,1.406,False,105.853,1.1673,1.152,0.1457,0.0745
NICARAGUA,JINOTEGA,admin1,2010-03-21,41,527,poisson,loglinear,5,0.75,seir,-0.205,True,154.865,1.1778,1.1599,0.1837,0.0979
NICARAGUA,JINOTEGA,admin1,2010-03-21,41,527,poisson,loglinear,7,1.0,hostvector,-35.342,True,,1.1815,1.2502,0.3029,0.1889
NICARAGUA,JINOTEGA,admin1,2010-03-21,41,527,poisson,loglinear,7,1.0,seir,-36.062,True,,1.1917,1.2562,0.3129,0.1981
NICARAGUA,JINOTEGA,admin1,2010-03-21,41,527,poisson,loglinear,7,0.75,hostvector,-1.494,True,-108.676,1.2294,1.152,0.1614,0.1069
NICARAGUA,JINOTEGA,admin1,2010-03-21,41,527,poisson,loglinear,7,0.75,seir,-3.276,True,-98.928,1.2478,1.1599,0.1855,0.1238
