country,unit,window_start,arm,observation,temp_form,rain_lag,train_frac,structure,aic_climate,aic_constant,delta_aic,climate_wins,weeks,cases
ARGENTINA,ARGENTINA,2013-12-29,as_run,nb,briere,3,1.0,hostvector,364.2282,365.9842,-1.756,1,36,2837.0
ARGENTINA,ARGENTINA,2013-12-29,thorough,nb,briere,3,1.0,hostvector,364.2282,365.9842,-1.756,1,36,2837.0
ARGENTINA,ARGENTINA,2013-12-29,as_run,nb,briere,3,1.0,seir,358.938,359.2413,-0.3033,1,36,2837.0
ARGENTINA,ARGENTINA,2013-12-29,thorough,nb,briere,3,1.0,seir,358.938,359.2413,-0.3033,1,36,2837.0
ARGENTINA,ARGENTINA,2013-12-29,as_run,nb,briere,3,0.75,hostvector,297.8661,298.5083,-0.6422,1,27,2582.0
ARGENTINA,ARGENTINA,2013-12-29,thorough,nb,briere,3,0.75,hostvector,297.8661,298.5083,-0.6422,1,27,2582.0
ARGENTINA,ARGENTINA,2013-12-29,as_run,nb,briere,3,0.75,seir,292.0744,291.536,0.5384,0,27,2582.0
ARGENTINA,ARGENTINA,2013-12-29,thorough,nb,briere,3,0.75,seir,292.0744,291.536,0.5384,0,27,2582.0
ARGENTINA,ARGENTINA,2013-12-29,as_run,nb,briere,5,1.0,hostvector,364.3682,365.9842,-1.616,1,36,2837.0
ARGENTINA,ARGENTINA,2013-12-29,thorough,nb,briere,5,1.0,hostvector,364.3682,365.9842,-1.616,1,36,2837.0
ARGENTINA,ARGENTINA,2013-12-29,as_run,nb,briere,5,1.0,seir,358.1561,359.2413,-1.0852,1,36,2837.0
ARGENTINA,ARGENTINA,2013-12-29,thorough,nb,briere,5,1.0,seir,358.1561,359.2413,-1.0852,1,36,2837.0
ARGENTINA,ARGENTINA,2013-12-29,as_run,nb,briere,5,0.75,hostvector,297.8618,298.5083,-0.6465,1,27,2582.0
ARGENTINA,ARGENTINA,2013-12-29,thorough,nb,briere,5,0.75,hostvector,297.8618,298.5083,-0.6465,1,27,2582.0
ARGENTINA,ARGENTINA,2013-12-29,as_run,nb,briere,5,0.75,seir,291.7369,291.536,0.2009,0,27,2582.0
ARGENTINA,ARGENTINA,2013-12-29,thorough,nb,briere,5,0.75,seir,291.7369,291.536,0.2009,0,27,2582.0
ARGENTINA,ARGENTINA,2013-12-29,as_run,nb,briere,7,1.0,hostvector,364.371,365.9842,-1.6131,1,36,2837.0
ARGENTINA,ARGENTINA,2013-12-29,thorough,nb,briere,7,1.0,hostvector,364.371,365.9842,-1.6131,1,36,2837.0
ARGENTINA,ARGENTINA,2013-12-29,as_run,nb,briere,7,1.0,seir,358.6559,359.2413,-0.5854,1,36,2837.0
ARGENTINA,ARGENTINA,2013-12-29,thorough,nb,briere,7,1.0,seir,358.6559,359.2413,-0.5854,1,36,2837.0
ARGENTINA,ARGENTINA,2013-12-29,as_run,nb,briere,7,0.75,hostvector,297.8688,298.5083,-0.6395,1,27,2582.0
ARGENTINA,ARGENTINA,2013-12-29,thorough,nb,briere,7,0.75,hostvector,297.8688,298.5083,-0.6395,1,27,2582.0
ARGENTINA,ARGENTINA,2013-12-29,as_run,nb,briere,7,0.75,seir,292.1566,291.536,0.6206,0,27,2582.0
ARGENTINA,ARGENTINA,2013-12-29,thorough,nb,briere,7,0.75,seir,292.1566,291.536,0.6206,0,27,2582.0
ARGENTINA,ARGENTINA,2013-12-29,as_run,nb,loglinear,3,1.0,hostvector,367.1552,365.9842,1.171,0,36,2837.0
ARGENTINA,ARGENTINA,2013-12-29,thorough,nb,loglinear,3,1.0,hostvector,367.1552,365.9842,1.171,0,36,2837.0
ARGENTINA,ARGENTINA,2013-12-29,as_run,nb,loglinear,3,1.0,seir,361.2434,359.2413,2.0021,0,36,2837.0
ARGENTINA,ARGENTINA,2013-12-29,thorough,nb,loglinear,3,1.0,seir,361.2434,359.2413,2.0021,0,36,2837.0
ARGENTINA,ARGENTINA,2013-12-29,as_run,nb,loglinear,3,0.75,hostvector,300.8975,298.5083,2.3892,0,27,2582.0
ARGENTINA,ARGENTINA,2013-12-29,thorough,nb,loglinear,3,0.75,hostvector,300.8975,298.5083,2.3892,0,27,2582.0
ARGENTINA,ARGENTINA,2013-12-29,as_run,nb,loglinear,3,0.75,seir,294.7284,291.536,3.1924,0,27,2582.0
ARGENTINA,ARGENTINA,2013-12-29,thorough,nb,loglinear,3,0.75,seir,294.7284,291.536,3.1924,0,27,2582.0
ARGENTINA,ARGENTINA,2013-12-29,as_run,nb,loglinear,5,1.0,hostvector,367.3272,365.9842,1.343,0,36,2837.0
ARGENTINA,ARGENTINA,2013-12-29,thorough,nb,loglinear,5,1.0,hostvector,367.3272,365.9842,1.343,0,36,2837.0
ARGENTINA,ARGENTINA,2013-12-29,as_run,nb,loglinear,5,1.0,seir,361.3033,359.2413,2.062,0,36,2837.0
ARGENTINA,ARGENTINA,2013-12-29,thorough,nb,loglinear,5,1.0,seir,361.3033,359.2413,2.062,0,36,2837.0
ARGENTINA,ARGENTINA,2013-12-29,as_run,nb,loglinear,5,0.75,hostvector,300.523,298.5083,2.0147,0,27,2582.0
ARGENTINA,ARGENTINA,2013-12-29,thorough,nb,loglinear,5,0.75,hostvector,300.0949,298.5083,1.5866,0,27,2582.0
ARGENTINA,ARGENTINA,2013-12-29,as_run,nb,loglinear,5,0.75,seir,294.6336,291.536,3.0976,0,27,2582.0
ARGENTINA,ARGENTINA,2013-12-29,thorough,nb,loglinear,5,0.75,seir,294.6336,291.536,3.0976,0,27,2582.0
ARGENTINA,ARGENTINA,2013-12-29,as_run,nb,loglinear,7,1.0,hostvector,367.7163,365.9842,1.7321,0,36,2837.0
ARGENTINA,ARGENTINA,2013-12-29,thorough,nb,loglinear,7,1.0,hostvector,367.7163,365.9842,1.7321,0,36,2837.0
ARGENTINA,ARGENTINA,2013-12-29,as_run,nb,loglinear,7,1.0,seir,361.1997,359.2413,1.9584,0,36,2837.0
ARGENTINA,ARGENTINA,2013-12-29,thorough,nb,loglinear,7,1.0,seir,361.1997,359.2413,1.9584,0,36,2837.0
ARGENTINA,ARGENTINA,2013-12-29,as_run,nb,loglinear,7,0.75,hostvector,300.0941,298.5083,1.5858,0,27,2582.0
ARGENTINA,ARGENTINA,2013-12-29,thorough,nb,loglinear,7,0.75,hostvector,300.0941,298.5083,1.5858,0,27,2582.0
ARGENTINA,ARGENTINA,2013-12-29,as_run,nb,loglinear,7,0.75,seir,294.3013,291.536,2.7653,0,27,2582.0
ARGENTINA,ARGENTINA,2013-12-29,thorough,nb,loglinear,7,0.75,seir,294.3013,291.536,2.7653,0,27,2582.0
ARGENTINA,ARGENTINA,2013-12-29,as_run,poisson,briere,3,1.0,hostvector,617.5624,723.1047,-105.5423,1,36,2837.0
ARGENTINA,ARGENTINA,2013-12-29,thorough,poisson,briere,3,1.0,hostvector,617.5624,723.1047,-105.5423,1,36,2837.0
ARGENTINA,ARGENTINA,2013-12-29,as_run,poisson,briere,3,1.0,seir,571.5501,667.3854,-95.8353,1,36,2837.0
ARGENTINA,ARGENTINA,2013-12-29,thorough,poisson,briere,3,1.0,seir,571.5501,667.3854,-95.8353,1,36,2837.0
ARGENTINA,ARGENTINA,2013-12-29,as_run,poisson,briere,3,0.75,hostvector,549.6974,649.4702,-99.7728,1,27,2582.0
ARGENTINA,ARGENTINA,2013-12-29,thorough,poisson,briere,3,0.75,hostvector,549.6974,649.4702,-99.7728,1,27,2582.0
ARGENTINA,ARGENTINA,2013-12-29,as_run,poisson,briere,3,0.75,seir,499.9306,593.6566,-93.726,1,27,2582.0
ARGENTINA,ARGENTINA,2013-12-29,thorough,poisson,briere,3,0.75,seir,499.9306,593.6566,-93.726,1,27,2582.0
ARGENTINA,ARGENTINA,2013-12-29,as_run,poisson,briere,5,1.0,hostvector,612.8996,723.1047,-110.2051,1,36,2837.0
ARGENTINA,ARGENTINA,2013-12-29,thorough,poisson,briere,5,1.0,hostvector,612.8996,723.1047,-110.2051,1,36,2837.0
ARGENTINA,ARGENTINA,2013-12-29,as_run,poisson,briere,5,1.0,seir,562.4349,667.3854,-104.9506,1,36,2837.0
ARGENTINA,ARGENTINA,2013-12-29,thorough,poisson,briere,5,1.0,seir,562.4349,667.3854,-104.9506,1,36,2837.0
ARGENTINA,ARGENTINA,2013-12-29,as_run,poisson,briere,5,0.75,hostvector,548.8753,649.4702,-100.5949,1,27,2582.0
ARGENTINA,ARGENTINA,2013-12-29,thorough,poisson,briere,5,0.75,hostvector,548.8753,649.4702,-100.5949,1,27,2582.0
ARGENTINA,ARGENTINA,2013-12-29,as_run,poisson,briere,5,0.75,seir,496.5391,593.6566,-97.1175,1,27,2582.0
ARGENTINA,ARGENTINA,2013-12-29,thorough,poisson,briere,5,0.75,seir,496.5391,593.6566,-97.1175,1,27,2582.0
ARGENTINA,ARGENTINA,2013-12-29,as_run,poisson,briere,7,1.0,hostvector,621.0786,723.1047,-102.0261,1,36,2837.0
ARGENTINA,ARGENTINA,2013-12-29,thorough,poisson,briere,7,1.0,hostvector,621.0786,723.1047,-102.0261,1,36,2837.0
ARGENTINA,ARGENTINA,2013-12-29,as_run,poisson,briere,7,1.0,seir,576.8378,667.3854,-90.5476,1,36,2837.0
ARGENTINA,ARGENTINA,2013-12-29,thorough,poisson,briere,7,1.0,seir,576.8378,667.3854,-90.5476,1,36,2837.0
ARGENTINA,ARGENTINA,2013-12-29,as_run,poisson,briere,7,0.75,hostvector,556.4898,649.4702,-92.9803,1,27,2582.0
ARGENTINA,ARGENTINA,2013-12-29,thorough,poisson,briere,7,0.75,hostvector,556.4898,649.4702,-92.9803,1,27,2582.0
ARGENTINA,ARGENTINA,2013-12-29,as_run,poisson,briere,7,0.75,seir,510.2749,593.6566,-83.3817,1,27,2582.0
ARGENTINA,ARGENTINA,2013-12-29,thorough,poisson,briere,7,0.75,seir,510.2749,593.6566,-83.3817,1,27,2582.0
ARGENTINA,ARGENTINA,2013-12-29,as_run,poisson,loglinear,3,1.0,hostvector,702.1448,723.1047,-20.96,1,36,2837.0
ARGENTINA,ARGENTINA,2013-12-29,thorough,poisson,loglinear,3,1.0,hostvector,702.1448,723.1047,-20.96,1,36,2837.0
ARGENTINA,ARGENTINA,2013-12-29,as_run,poisson,loglinear,3,1.0,seir,644.0895,667.3854,-23.2959,1,36,2837.0
ARGENTINA,ARGENTINA,2013-12-29,thorough,poisson,loglinear,3,1.0,seir,644.0895,667.3854,-23.2959,1,36,2837.0
ARGENTINA,ARGENTINA,2013-12-29,as_run,poisson,loglinear,3,0.75,hostvector,636.3825,649.4702,-13.0876,1,27,2582.0
ARGENTINA,ARGENTINA,2013-12-29,thorough,poisson,loglinear,3,0.75,hostvector,636.3825,649.4702,-13.0876,1,27,2582.0
ARGENTINA,ARGENTINA,2013-12-29,as_run,poisson,loglinear,3,0.75,seir,579.0329,593.6566,-14.6238,1,27,2582.0
ARGENTINA,ARGENTINA,2013-12-29,thorough,poisson,loglinear,3,0.75,seir,579.0329,593.6566,-14.6238,1,27,2582.0
ARGENTINA,ARGENTINA,2013-12-29,as_run,poisson,loglinear,5,1.0,hostvector,700.0647,723.1047,-23.04,1,36,2837.0
ARGENTINA,ARGENTINA,2013-12-29,thorough,poisson,loglinear,5,1.0,hostvector,700.0647,723.1047,-23.04,1,36,2837.0
ARGENTINA,ARGENTINA,2013-12-29,as_run,poisson,loglinear,5,1.0,seir,643.8941,667.3854,-23.4914,1,36,2837.0
ARGENTINA,ARGENTINA,2013-12-29,thorough,poisson,loglinear,5,1.0,seir,643.8941,667.3854,-23.4914,1,36,2837.0
ARGENTINA,ARGENTINA,2013-12-29,as_run,poisson,loglinear,5,0.75,hostvector,634.7006,649.4702,-14.7695,1,27,2582.0
ARGENTINA,ARGENTINA,2013-12-29,thorough,poisson,loglinear,5,0.75,hostvector,634.7006,649.4702,-14.7695,1,27,2582.0
ARGENTINA,ARGENTINA,2013-12-29,as_run,poisson,loglinear,5,0.75,seir,579.2257,593.6566,-14.4309,1,27,2582.0
ARGENTINA,ARGENTINA,2013-12-29,thorough,poisson,loglinear,5,0.75,seir,579.2257,593.6566,-14.4309,1,27,2582.0
ARGENTINA,ARGENTINA,2013-12-29,as_run,poisson,loglinear,7,1.0,hostvector,691.5583,723.1047,-31.5464,1,36,2837.0
ARGENTINA,ARGENTINA,2013-12-29,thorough,poisson,loglinear,7,1.0,hostvector,691.5583,723.1047,-31.5464,1,36,2837.0
ARGENTINA,ARGENTINA,2013-12-29,as_run,poisson,loglinear,7,1.0,seir,635.9839,667.3854,-31.4016,1,36,2837.0
ARGENTINA,ARGENTINA,2013-12-29,thorough,poisson,loglinear,7,1.0,seir,635.9839,667.3854,-31.4016,1,36,2837.0
ARGENTINA,ARGENTINA,2013-12-29,as_run,poisson,loglinear,7,0.75,hostvector,625.5426,649.4702,-23.9275,1,27,2582.0
ARGENTINA,ARGENTINA,2013-12-29,thorough,poisson,loglinear,7,0.75,hostvector,625.5426,649.4702,-23.9275,1,27,2582.0
ARGENTINA,ARGENTINA,2013-12-29,as_run,poisson,loglinear,7,0.75,seir,569.3002,593.6566,-24.3564,1,27,2582.0
ARGENTINA,ARGENTINA,2013-12-29,thorough,poisson,loglinear,7,0.75,seir,569.3002,593.6566,-24.3564,1,27,2582.0
BELIZE,BELIZE,2020-06-07,as_run,nb,briere,3,1.0,hostvector,438.8876,435.9149,2.9727,0,52,2341.0
BELIZE,BELIZE,2020-06-07,thorough,nb,briere,3,1.0,hostvector,438.8876,435.9149,2.9727,0,52,2341.0
BELIZE,BELIZE,2020-06-07,as_run,nb,briere,3,1.0,seir,432.484,429.4626,3.0214,0,52,2341.0
BELIZE,BELIZE,2020-06-07,thorough,nb,briere,3,1.0,seir,432.484,429.4626,3.0214,0,52,2341.0
BELIZE,BELIZE,2020-06-07,as_run,nb,briere,3,0.75,hostvector,317.677,313.999,3.678,0,39,1617.0
BELIZE,BELIZE,2020-06-07,thorough,nb,briere,3,0.75,hostvector,317.677,313.999,3.678,0,39,1617.0
BELIZE,BELIZE,2020-06-07,as_run,nb,briere,3,0.75,seir,311.269,307.6303,3.6387,0,39,1617.0
BELIZE,BELIZE,2020-06-07,thorough,nb,briere,3,0.75,seir,311.269,307.6303,3.6387,0,39,1617.0
BELIZE,BELIZE,2020-06-07,as_run,nb,briere,5,1.0,hostvector,438.1276,435.9149,2.2127,0,52,2341.0
BELIZE,BELIZE,2020-06-07,thorough,nb,briere,5,1.0,hostvector,438.1276,435.9149,2.2127,0,52,2341.0
BELIZE,BELIZE,2020-06-07,as_run,nb,briere,5,1.0,seir,431.6634,429.4626,2.2009,0,52,2341.0
BELIZE,BELIZE,2020-06-07,thorough,nb,briere,5,1.0,seir,431.6634,429.4626,2.2009,0,52,2341.0
BELIZE,BELIZE,2020-06-07,as_run,nb,briere,5,0.75,hostvector,317.9718,313.999,3.9728,0,39,1617.0
BELIZE,BELIZE,2020-06-07,thorough,nb,briere,5,0.75,hostvector,317.9718,313.999,3.9728,0,39,1617.0
BELIZE,BELIZE,2020-06-07,as_run,nb,briere,5,0.75,seir,311.5879,307.6303,3.9576,0,39,1617.0
BELIZE,BELIZE,2020-06-07,thorough,nb,briere,5,0.75,seir,311.5879,307.6303,3.9576,0,39,1617.0
BELIZE,BELIZE,2020-06-07,as_run,nb,briere,7,1.0,hostvector,435.9318,435.9149,0.0169,0,52,2341.0
BELIZE,BELIZE,2020-06-07,thorough,nb,briere,7,1.0,hostvector,435.9318,435.9149,0.0169,0,52,2341.0
BELIZE,BELIZE,2020-06-07,as_run,nb,briere,7,1.0,seir,429.6174,429.4626,0.1549,0,52,2341.0
BELIZE,BELIZE,2020-06-07,thorough,nb,briere,7,1.0,seir,429.6174,429.4626,0.1549,0,52,2341.0
BELIZE,BELIZE,2020-06-07,as_run,nb,briere,7,0.75,hostvector,317.6064,313.999,3.6074,0,39,1617.0
BELIZE,BELIZE,2020-06-07,thorough,nb,briere,7,0.75,hostvector,317.6064,313.999,3.6074,0,39,1617.0
BELIZE,BELIZE,2020-06-07,as_run,nb,briere,7,0.75,seir,311.3994,307.6303,3.7691,0,39,1617.0
BELIZE,BELIZE,2020-06-07,thorough,nb,briere,7,0.75,seir,311.3994,307.6303,3.7691,0,39,1617.0
BELIZE,BELIZE,2020-06-07,as_run,nb,loglinear,3,1.0,hostvector,420.0333,435.9149,-15.8816,1,52,2341.0
BELIZE,BELIZE,2020-06-07,thorough,nb,loglinear,3,1.0,hostvector,420.0333,435.9149,-15.8816,1,52,2341.0
BELIZE,BELIZE,2020-06-07,as_run,nb,loglinear,3,1.0,seir,417.0842,429.4626,-12.3784,1,52,2341.0
BELIZE,BELIZE,2020-06-07,thorough,nb,loglinear,3,1.0,seir,417.0842,429.4626,-12.3784,1,52,2341.0
BELIZE,BELIZE,2020-06-07,as_run,nb,loglinear,3,0.75,hostvector,305.3185,313.999,-8.6805,1,39,1617.0
BELIZE,BELIZE,2020-06-07,thorough,nb,loglinear,3,0.75,hostvector,305.3185,313.999,-8.6805,1,39,1617.0
BELIZE,BELIZE,2020-06-07,as_run,nb,loglinear,3,0.75,seir,303.1442,307.6303,-4.4861,1,39,1617.0
BELIZE,BELIZE,2020-06-07,thorough,nb,loglinear,3,0.75,seir,303.1442,307.6303,-4.4861,1,39,1617.0
BELIZE,BELIZE,2020-06-07,as_run,nb,loglinear,5,1.0,hostvector,422.8081,435.9149,-13.1068,1,52,2341.0
BELIZE,BELIZE,2020-06-07,thorough,nb,loglinear,5,1.0,hostvector,422.8081,435.9149,-13.1068,1,52,2341.0
BELIZE,BELIZE,2020-06-07,as_run,nb,loglinear,5,1.0,seir,420.0833,429.4626,-9.3793,1,52,2341.0
BELIZE,BELIZE,2020-06-07,thorough,nb,loglinear,5,1.0,seir,420.0833,429.4626,-9.3793,1,52,2341.0
BELIZE,BELIZE,2020-06-07,as_run,nb,loglinear,5,0.75,hostvector,307.5653,313.999,-6.4337,1,39,1617.0
BELIZE,BELIZE,2020-06-07,thorough,nb,loglinear,5,0.75,hostvector,307.5653,313.999,-6.4337,1,39,1617.0
BELIZE,BELIZE,2020-06-07,as_run,nb,loglinear,5,0.75,seir,305.266,307.6303,-2.3643,1,39,1617.0
BELIZE,BELIZE,2020-06-07,thorough,nb,loglinear,5,0.75,seir,305.266,307.6303,-2.3643,1,39,1617.0
BELIZE,BELIZE,2020-06-07,as_run,nb,loglinear,7,1.0,hostvector,429.8541,435.9149,-6.0608,1,52,2341.0
BELIZE,BELIZE,2020-06-07,thorough,nb,loglinear,7,1.0,hostvector,429.8541,435.9149,-6.0608,1,52,2341.0
BELIZE,BELIZE,2020-06-07,as_run,nb,loglinear,7,1.0,seir,425.4271,429.4626,-4.0354,1,52,2341.0
BELIZE,BELIZE,2020-06-07,thorough,nb,loglinear,7,1.0,seir,425.4271,429.4626,-4.0354,1,52,2341.0
BELIZE,BELIZE,2020-06-07,as_run,nb,loglinear,7,0.75,hostvector,313.2875,313.999,-0.7115,1,39,1617.0
BELIZE,BELIZE,2020-06-07,thorough,nb,loglinear,7,0.75,hostvector,313.2875,313.999,-0.7115,1,39,1617.0
BELIZE,BELIZE,2020-06-07,as_run,nb,loglinear,7,0.75,seir,309.2394,307.6303,1.609,0,39,1617.0
BELIZE,BELIZE,2020-06-07,thorough,nb,loglinear,7,0.75,seir,309.2394,307.6303,1.609,0,39,1617.0
BELIZE,BELIZE,2020-06-07,as_run,poisson,briere,3,1.0,hostvector,562.6476,564.5033,-1.8557,1,52,2341.0
BELIZE,BELIZE,2020-06-07,thorough,poisson,briere,3,1.0,hostvector,562.6476,564.5033,-1.8557,1,52,2341.0
BELIZE,BELIZE,2020-06-07,as_run,poisson,briere,3,1.0,seir,545.9382,547.7049,-1.7667,1,52,2341.0
BELIZE,BELIZE,2020-06-07,thorough,poisson,briere,3,1.0,seir,545.9382,547.7049,-1.7667,1,52,2341.0
BELIZE,BELIZE,2020-06-07,as_run,poisson,briere,3,0.75,hostvector,376.2768,374.8373,1.4395,0,39,1617.0
BELIZE,BELIZE,2020-06-07,thorough,poisson,briere,3,0.75,hostvector,376.2768,374.8373,1.4395,0,39,1617.0
BELIZE,BELIZE,2020-06-07,as_run,poisson,briere,3,0.75,seir,360.874,359.4501,1.4239,0,39,1617.0
BELIZE,BELIZE,2020-06-07,thorough,poisson,briere,3,0.75,seir,360.874,359.4501,1.4239,0,39,1617.0
BELIZE,BELIZE,2020-06-07,as_run,poisson,briere,5,1.0,hostvector,557.0735,564.5033,-7.4298,1,52,2341.0
BELIZE,BELIZE,2020-06-07,thorough,poisson,briere,5,1.0,hostvector,557.0735,564.5033,-7.4298,1,52,2341.0
BELIZE,BELIZE,2020-06-07,as_run,poisson,briere,5,1.0,seir,539.8948,547.7049,-7.8101,1,52,2341.0
BELIZE,BELIZE,2020-06-07,thorough,poisson,briere,5,1.0,seir,539.8948,547.7049,-7.8101,1,52,2341.0
BELIZE,BELIZE,2020-06-07,as_run,poisson,briere,5,0.75,hostvector,378.6765,374.8373,3.8392,0,39,1617.0
BELIZE,BELIZE,2020-06-07,thorough,poisson,briere,5,0.75,hostvector,378.6765,374.8373,3.8392,0,39,1617.0
BELIZE,BELIZE,2020-06-07,as_run,poisson,briere,5,0.75,seir,363.3272,359.4501,3.8772,0,39,1617.0
BELIZE,BELIZE,2020-06-07,thorough,poisson,briere,5,0.75,seir,363.3272,359.4501,3.8772,0,39,1617.0
BELIZE,BELIZE,2020-06-07,as_run,poisson,briere,7,1.0,hostvector,546.1362,564.5033,-18.3671,1,52,2341.0
BELIZE,BELIZE,2020-06-07,thorough,poisson,briere,7,1.0,hostvector,546.1362,564.5033,-18.3671,1,52,2341.0
BELIZE,BELIZE,2020-06-07,as_run,poisson,briere,7,1.0,seir,528.5564,547.7049,-19.1485,1,52,2341.0
BELIZE,BELIZE,2020-06-07,thorough,poisson,briere,7,1.0,seir,528.5564,547.7049,-19.1485,1,52,2341.0
BELIZE,BELIZE,2020-06-07,as_run,poisson,briere,7,0.75,hostvector,377.4133,374.8373,2.576,0,39,1617.0
BELIZE,BELIZE,2020-06-07,thorough,poisson,briere,7,0.75,hostvector,377.4133,374.8373,2.576,0,39,1617.0
BELIZE,BELIZE,2020-06-07,as_run,poisson,briere,7,0.75,seir,361.9279,359.4501,2.4779,0,39,1617.0
BELIZE,BELIZE,2020-06-07,thorough,poisson,briere,7,0.75,seir,361.9279,359.4501,2.4779,0,39,1617.0
BELIZE,BELIZE,2020-06-07,as_run,poisson,loglinear,3,1.0,hostvector,476.3501,564.5033,-88.1532,1,52,2341.0
BELIZE,BELIZE,2020-06-07,thorough,poisson,loglinear,3,1.0,hostvector,476.3501,564.5033,-88.1532,1,52,2341.0
BELIZE,BELIZE,2020-06-07,as_run,poisson,loglinear,3,1.0,seir,468.1899,547.7049,-79.515,1,52,2341.0
BELIZE,BELIZE,2020-06-07,thorough,poisson,loglinear,3,1.0,seir,468.1899,547.7049,-79.515,1,52,2341.0
BELIZE,BELIZE,2020-06-07,as_run,poisson,loglinear,3,0.75,hostvector,317.675,374.8373,-57.1623,1,39,1617.0
BELIZE,BELIZE,2020-06-07,thorough,poisson,loglinear,3,0.75,hostvector,317.675,374.8373,-57.1623,1,39,1617.0
BELIZE,BELIZE,2020-06-07,as_run,poisson,loglinear,3,0.75,seir,312.8412,359.4501,-46.6089,1,39,1617.0
BELIZE,BELIZE,2020-06-07,thorough,poisson,loglinear,3,0.75,seir,312.8412,359.4501,-46.6089,1,39,1617.0
BELIZE,BELIZE,2020-06-07,as_run,poisson,loglinear,5,1.0,hostvector,490.5509,564.5033,-73.9524,1,52,2341.0
BELIZE,BELIZE,2020-06-07,thorough,poisson,loglinear,5,1.0,hostvector,490.5509,564.5033,-73.9524,1,52,2341.0
BELIZE,BELIZE,2020-06-07,as_run,poisson,loglinear,5,1.0,seir,483.1338,547.7049,-64.5711,1,52,2341.0
BELIZE,BELIZE,2020-06-07,thorough,poisson,loglinear,5,1.0,seir,483.1338,547.7049,-64.5711,1,52,2341.0
BELIZE,BELIZE,2020-06-07,as_run,poisson,loglinear,5,0.75,hostvector,333.1644,374.8373,-41.6729,1,39,1617.0
BELIZE,BELIZE,2020-06-07,thorough,poisson,loglinear,5,0.75,hostvector,333.1644,374.8373,-41.6729,1,39,1617.0
BELIZE,BELIZE,2020-06-07,as_run,poisson,loglinear,5,0.75,seir,328.1122,359.4501,-31.3378,1,39,1617.0
BELIZE,BELIZE,2020-06-07,thorough,poisson,loglinear,5,0.75,seir,328.1122,359.4501,-31.3378,1,39,1617.0
BELIZE,BELIZE,2020-06-07,as_run,poisson,loglinear,7,1.0,hostvector,517.4809,564.5033,-47.0224,1,52,2341.0
BELIZE,BELIZE,2020-06-07,thorough,poisson,loglinear,7,1.0,hostvector,517.4809,564.5033,-47.0224,1,52,2341.0
BELIZE,BELIZE,2020-06-07,as_run,poisson,loglinear,7,1.0,seir,506.4728,547.7049,-41.2321,1,52,2341.0
BELIZE,BELIZE,2020-06-07,thorough,poisson,loglinear,7,1.0,seir,506.4728,547.7049,-41.2321,1,52,2341.0
BELIZE,BELIZE,2020-06-07,as_run,poisson,loglinear,7,0.75,hostvector,358.9095,374.8373,-15.9278,1,39,1617.0
BELIZE,BELIZE,2020-06-07,thorough,poisson,loglinear,7,0.75,hostvector,358.9095,374.8373,-15.9278,1,39,1617.0
BELIZE,BELIZE,2020-06-07,as_run,poisson,loglinear,7,0.75,seir,349.6928,359.4501,-9.7572,1,39,1617.0
BELIZE,BELIZE,2020-06-07,thorough,poisson,loglinear,7,0.75,seir,349.6928,359.4501,-9.7572,1,39,1617.0
BOLIVIA,CHUQUISACA,2015-11-08,as_run,nb,briere,3,1.0,hostvector,285.2452,281.2606,3.9846,0,33,1072.0
BOLIVIA,CHUQUISACA,2015-11-08,thorough,nb,briere,3,1.0,hostvector,285.2452,281.2606,3.9846,0,33,1072.0
BOLIVIA,CHUQUISACA,2015-11-08,as_run,nb,briere,3,1.0,seir,277.223,273.3489,3.8741,0,33,1072.0
BOLIVIA,CHUQUISACA,2015-11-08,thorough,nb,briere,3,1.0,seir,277.223,273.3489,3.8741,0,33,1072.0
BOLIVIA,CHUQUISACA,2015-11-08,as_run,nb,briere,3,0.75,hostvector,233.4368,230.3147,3.1221,0,25,1016.0
BOLIVIA,CHUQUISACA,2015-11-08,thorough,nb,briere,3,0.75,hostvector,233.4368,230.3147,3.1221,0,25,1016.0
BOLIVIA,CHUQUISACA,2015-11-08,as_run,nb,briere,3,0.75,seir,225.7526,222.5485,3.2041,0,25,1016.0
BOLIVIA,CHUQUISACA,2015-11-08,thorough,nb,briere,3,0.75,seir,225.7526,222.5485,3.2041,0,25,1016.0
BOLIVIA,CHUQUISACA,2015-11-08,as_run,nb,briere,5,1.0,hostvector,285.2602,281.2606,3.9996,0,33,1072.0
BOLIVIA,CHUQUISACA,2015-11-08,thorough,nb,briere,5,1.0,hostvector,285.2602,281.2606,3.9996,0,33,1072.0
BOLIVIA,CHUQUISACA,2015-11-08,as_run,nb,briere,5,1.0,seir,277.1799,273.3489,3.831,0,33,1072.0
BOLIVIA,CHUQUISACA,2015-11-08,thorough,nb,briere,5,1.0,seir,277.1799,273.3489,3.831,0,33,1072.0
BOLIVIA,CHUQUISACA,2015-11-08,as_run,nb,briere,5,0.75,hostvector,232.8023,230.3147,2.4876,0,25,1016.0
BOLIVIA,CHUQUISACA,2015-11-08,thorough,nb,briere,5,0.75,hostvector,232.8023,230.3147,2.4876,0,25,1016.0
BOLIVIA,CHUQUISACA,2015-11-08,as_run,nb,briere,5,0.75,seir,226.0511,222.5485,3.5026,0,25,1016.0
BOLIVIA,CHUQUISACA,2015-11-08,thorough,nb,briere,5,0.75,seir,226.0511,222.5485,3.5026,0,25,1016.0
BOLIVIA,CHUQUISACA,2015-11-08,as_run,nb,briere,7,1.0,hostvector,285.259,281.2606,3.9984,0,33,1072.0
BOLIVIA,CHUQUISACA,2015-11-08,thorough,nb,briere,7,1.0,hostvector,285.259,281.2606,3.9984,0,33,1072.0
BOLIVIA,CHUQUISACA,2015-11-08,as_run,nb,briere,7,1.0,seir,277.2208,273.3489,3.8719,0,33,1072.0
BOLIVIA,CHUQUISACA,2015-11-08,thorough,nb,briere,7,1.0,seir,277.2208,273.3489,3.8719,0,33,1072.0
BOLIVIA,CHUQUISACA,2015-11-08,as_run,nb,briere,7,0.75,hostvector,232.3174,230.3147,2.0027,0,25,1016.0
BOLIVIA,CHUQUISACA,2015-11-08,thorough,nb,briere,7,0.75,hostvector,232.3174,230.3147,2.0027,0,25,1016.0
BOLIVIA,CHUQUISACA,2015-11-08,as_run,nb,briere,7,0.75,seir,220.6394,222.5485,-1.9091,1,25,1016.0
BOLIVIA,CHUQUISACA,2015-11-08,thorough,nb,briere,7,0.75,seir,220.6394,222.5485,-1.9091,1,25,1016.0
BOLIVIA,CHUQUISACA,2015-11-08,as_run,nb,loglinear,3,1.0,hostvector,282.9533,281.2606,1.6927,0,33,1072.0
BOLIVIA,CHUQUISACA,2015-11-08,thorough,nb,loglinear,3,1.0,hostvector,282.9533,281.2606,1.6927,0,33,1072.0
BOLIVIA,CHUQUISACA,2015-11-08,as_run,nb,loglinear,3,1.0,seir,275.1869,273.3489,1.838,0,33,1072.0
BOLIVIA,CHUQUISACA,2015-11-08,thorough,nb,loglinear,3,1.0,seir,275.1869,273.3489,1.838,0,33,1072.0
BOLIVIA,CHUQUISACA,2015-11-08,as_run,nb,loglinear,3,0.75,hostvector,227.7282,230.3147,-2.5864,1,25,1016.0
BOLIVIA,CHUQUISACA,2015-11-08,thorough,nb,loglinear,3,0.75,hostvector,227.7282,230.3147,-2.5864,1,25,1016.0
BOLIVIA,CHUQUISACA,2015-11-08,as_run,nb,loglinear,3,0.75,seir,224.6309,222.5485,2.0824,0,25,1016.0
BOLIVIA,CHUQUISACA,2015-11-08,thorough,nb,loglinear,3,0.75,seir,224.6309,222.5485,2.0824,0,25,1016.0
BOLIVIA,CHUQUISACA,2015-11-08,as_run,nb,loglinear,5,1.0,hostvector,282.6405,281.2606,1.3799,0,33,1072.0
BOLIVIA,CHUQUISACA,2015-11-08,thorough,nb,loglinear,5,1.0,hostvector,282.6405,281.2606,1.3799,0,33,1072.0
BOLIVIA,CHUQUISACA,2015-11-08,as_run,nb,loglinear,5,1.0,seir,273.6815,273.3489,0.3326,0,33,1072.0
BOLIVIA,CHUQUISACA,2015-11-08,thorough,nb,loglinear,5,1.0,seir,273.6815,273.3489,0.3326,0,33,1072.0
BOLIVIA,CHUQUISACA,2015-11-08,as_run,nb,loglinear,5,0.75,hostvector,232.3149,230.3147,2.0002,0,25,1016.0
BOLIVIA,CHUQUISACA,2015-11-08,thorough,nb,loglinear,5,0.75,hostvector,230.2103,230.3147,-0.1043,1,25,1016.0
BOLIVIA,CHUQUISACA,2015-11-08,as_run,nb,loglinear,5,0.75,seir,225.086,222.5485,2.5374,0,25,1016.0
BOLIVIA,CHUQUISACA,2015-11-08,thorough,nb,loglinear,5,0.75,seir,225.086,222.5485,2.5374,0,25,1016.0
BOLIVIA,CHUQUISACA,2015-11-08,as_run,nb,loglinear,7,1.0,hostvector,282.7287,281.2606,1.4682,0,33,1072.0
BOLIVIA,CHUQUISACA,2015-11-08,thorough,nb,loglinear,7,1.0,hostvector,282.7287,281.2606,1.4681,0,33,1072.0
BOLIVIA,CHUQUISACA,2015-11-08,as_run,nb,loglinear,7,1.0,seir,272.7236,273.3489,-0.6253,1,33,1072.0
BOLIVIA,CHUQUISACA,2015-11-08,thorough,nb,loglinear,7,1.0,seir,272.7236,273.3489,-0.6253,1,33,1072.0
BOLIVIA,CHUQUISACA,2015-11-08,as_run,nb,loglinear,7,0.75,hostvector,231.2102,230.3147,0.8956,0,25,1016.0
BOLIVIA,CHUQUISACA,2015-11-08,thorough,nb,loglinear,7,0.75,hostvector,231.2102,230.3147,0.8956,0,25,1016.0
BOLIVIA,CHUQUISACA,2015-11-08,as_run,nb,loglinear,7,0.75,seir,220.4966,222.5485,-2.0519,1,25,1016.0
BOLIVIA,CHUQUISACA,2015-11-08,thorough,nb,loglinear,7,0.75,seir,220.4966,222.5485,-2.0519,1,25,1016.0
BOLIVIA,CHUQUISACA,2015-11-08,as_run,poisson,briere,3,1.0,hostvector,363.9991,377.3001,-13.301,1,33,1072.0
BOLIVIA,CHUQUISACA,2015-11-08,thorough,poisson,briere,3,1.0,hostvector,363.9991,377.3001,-13.301,1,33,1072.0
BOLIVIA,CHUQUISACA,2015-11-08,as_run,poisson,briere,3,1.0,seir,342.6183,356.9679,-14.3496,1,33,1072.0
BOLIVIA,CHUQUISACA,2015-11-08,thorough,poisson,briere,3,1.0,seir,342.6183,356.9679,-14.3496,1,33,1072.0
BOLIVIA,CHUQUISACA,2015-11-08,as_run,poisson,briere,3,0.75,hostvector,275.7825,306.4785,-30.6961,1,25,1016.0
BOLIVIA,CHUQUISACA,2015-11-08,thorough,poisson,briere,3,0.75,hostvector,275.7825,306.4785,-30.6961,1,25,1016.0
BOLIVIA,CHUQUISACA,2015-11-08,as_run,poisson,briere,3,0.75,seir,251.3837,284.6816,-33.2979,1,25,1016.0
BOLIVIA,CHUQUISACA,2015-11-08,thorough,poisson,briere,3,0.75,seir,251.3837,284.6816,-33.2979,1,25,1016.0
BOLIVIA,CHUQUISACA,2015-11-08,as_run,poisson,briere,5,1.0,hostvector,371.7644,377.3001,-5.5357,1,33,1072.0
BOLIVIA,CHUQUISACA,2015-11-08,thorough,poisson,briere,5,1.0,hostvector,371.7644,377.3001,-5.5357,1,33,1072.0
BOLIVIA,CHUQUISACA,2015-11-08,as_run,poisson,briere,5,1.0,seir,352.9111,356.9679,-4.0568,1,33,1072.0
BOLIVIA,CHUQUISACA,2015-11-08,thorough,poisson,briere,5,1.0,seir,352.9111,356.9679,-4.0568,1,33,1072.0
BOLIVIA,CHUQUISACA,2015-11-08,as_run,poisson,briere,5,0.75,hostvector,283.8257,306.4785,-22.6528,1,25,1016.0
BOLIVIA,CHUQUISACA,2015-11-08,thorough,poisson,briere,5,0.75,hostvector,283.8257,306.4785,-22.6528,1,25,1016.0
BOLIVIA,CHUQUISACA,2015-11-08,as_run,poisson,briere,5,0.75,seir,269.3108,284.6816,-15.3709,1,25,1016.0
BOLIVIA,CHUQUISACA,2015-11-08,thorough,poisson,briere,5,0.75,seir,269.3108,284.6816,-15.3709,1,25,1016.0
BOLIVIA,CHUQUISACA,2015-11-08,as_run,poisson,briere,7,1.0,hostvector,380.9297,377.3001,3.6296,0,33,1072.0
BOLIVIA,CHUQUISACA,2015-11-08,thorough,poisson,briere,7,1.0,hostvector,380.9297,377.3001,3.6296,0,33,1072.0
BOLIVIA,CHUQUISACA,2015-11-08,as_run,poisson,briere,7,1.0,seir,360.7016,356.9679,3.7337,0,33,1072.0
BOLIVIA,CHUQUISACA,2015-11-08,thorough,poisson,briere,7,1.0,seir,360.7016,356.9679,3.7337,0,33,1072.0
BOLIVIA,CHUQUISACA,2015-11-08,as_run,poisson,briere,7,0.75,hostvector,300.8664,306.4785,-5.6121,1,25,1016.0
BOLIVIA,CHUQUISACA,2015-11-08,thorough,poisson,briere,7,0.75,hostvector,300.8664,306.4785,-5.6121,1,25,1016.0
BOLIVIA,CHUQUISACA,2015-11-08,as_run,poisson,briere,7,0.75,seir,248.6906,284.6816,-35.991,1,25,1016.0
BOLIVIA,CHUQUISACA,2015-11-08,thorough,poisson,briere,7,0.75,seir,248.6976,284.6816,-35.984,1,25,1016.0
BOLIVIA,CHUQUISACA,2015-11-08,as_run,poisson,loglinear,3,1.0,hostvector,366.2261,377.3001,-11.074,1,33,1072.0
BOLIVIA,CHUQUISACA,2015-11-08,thorough,poisson,loglinear,3,1.0,hostvector,366.2261,377.3001,-11.074,1,33,1072.0
BOLIVIA,CHUQUISACA,2015-11-08,as_run,poisson,loglinear,3,1.0,seir,344.115,356.9679,-12.8529,1,33,1072.0
BOLIVIA,CHUQUISACA,2015-11-08,thorough,poisson,loglinear,3,1.0,seir,344.115,356.9679,-12.8529,1,33,1072.0
BOLIVIA,CHUQUISACA,2015-11-08,as_run,poisson,loglinear,3,0.75,hostvector,275.4342,306.4785,-31.0444,1,25,1016.0
BOLIVIA,CHUQUISACA,2015-11-08,thorough,poisson,loglinear,3,0.75,hostvector,275.4342,306.4785,-31.0444,1,25,1016.0
BOLIVIA,CHUQUISACA,2015-11-08,as_run,poisson,loglinear,3,0.75,seir,251.7547,284.6816,-32.927,1,25,1016.0
BOLIVIA,CHUQUISACA,2015-11-08,thorough,poisson,loglinear,3,0.75,seir,251.7547,284.6816,-32.927,1,25,1016.0
BOLIVIA,CHUQUISACA,2015-11-08,as_run,poisson,loglinear,5,1.0,hostvector,372.9651,377.3001,-4.335,1,33,1072.0
BOLIVIA,CHUQUISACA,2015-11-08,thorough,poisson,loglinear,5,1.0,hostvector,372.9651,377.3001,-4.335,1,33,1072.0
BOLIVIA,CHUQUISACA,2015-11-08,as_run,poisson,loglinear,5,1.0,seir,352.9563,356.9679,-4.0116,1,33,1072.0
BOLIVIA,CHUQUISACA,2015-11-08,thorough,poisson,loglinear,5,1.0,seir,352.9563,356.9679,-4.0116,1,33,1072.0
BOLIVIA,CHUQUISACA,2015-11-08,as_run,poisson,loglinear,5,0.75,hostvector,283.2276,306.4785,-23.251,1,25,1016.0
BOLIVIA,CHUQUISACA,2015-11-08,thorough,poisson,loglinear,5,0.75,hostvector,283.2276,306.4785,-23.251,1,25,1016.0
BOLIVIA,CHUQUISACA,2015-11-08,as_run,poisson,loglinear,5,0.75,seir,268.5109,284.6816,-16.1707,1,25,1016.0
BOLIVIA,CHUQUISACA,2015-11-08,thorough,poisson,loglinear,5,0.75,seir,268.5109,284.6816,-16.1707,1,25,1016.0
BOLIVIA,CHUQUISACA,2015-11-08,as_run,poisson,loglinear,7,1.0,hostvector,379.2908,377.3001,1.9907,0,33,1072.0
BOLIVIA,CHUQUISACA,2015-11-08,thorough,poisson,loglinear,7,1.0,hostvector,379.2908,377.3001,1.9907,0,33,1072.0
BOLIVIA,CHUQUISACA,2015-11-08,as_run,poisson,loglinear,7,1.0,seir,349.9697,356.9679,-6.9982,1,33,1072.0
BOLIVIA,CHUQUISACA,2015-11-08,thorough,poisson,loglinear,7,1.0,seir,349.9697,356.9679,-6.9982,1,33,1072.0
BOLIVIA,CHUQUISACA,2015-11-08,as_run,poisson,loglinear,7,0.75,hostvector,297.6755,306.4785,-8.803,1,25,1016.0
BOLIVIA,CHUQUISACA,2015-11-08,thorough,poisson,loglinear,7,0.75,hostvector,297.6755,306.4785,-8.803,1,25,1016.0
BOLIVIA,CHUQUISACA,2015-11-08,as_run,poisson,loglinear,7,0.75,seir,248.4612,284.6816,-36.2204,1,25,1016.0
BOLIVIA,CHUQUISACA,2015-11-08,thorough,poisson,loglinear,7,0.75,seir,248.4612,284.6816,-36.2204,1,25,1016.0
BOLIVIA,CHUQUISACA,2017-12-17,as_run,nb,briere,3,1.0,hostvector,202.7441,214.0953,-11.3512,1,30,390.0
BOLIVIA,CHUQUISACA,2017-12-17,thorough,nb,briere,3,1.0,hostvector,202.7441,214.0953,-11.3512,1,30,390.0
BOLIVIA,CHUQUISACA,2017-12-17,as_run,nb,briere,3,1.0,seir,198.9781,207.0933,-8.1152,1,30,390.0
BOLIVIA,CHUQUISACA,2017-12-17,thorough,nb,briere,3,1.0,seir,198.9781,207.0933,-8.1152,1,30,390.0
BOLIVIA,CHUQUISACA,2017-12-17,as_run,nb,briere,3,0.75,hostvector,164.7,163.3079,1.3921,0,22,372.0
BOLIVIA,CHUQUISACA,2017-12-17,thorough,nb,briere,3,0.75,hostvector,164.7,163.3079,1.3921,0,22,372.0
BOLIVIA,CHUQUISACA,2017-12-17,as_run,nb,briere,3,0.75,seir,160.7035,158.142,2.5615,0,22,372.0
BOLIVIA,CHUQUISACA,2017-12-17,thorough,nb,briere,3,0.75,seir,160.7035,158.142,2.5615,0,22,372.0
BOLIVIA,CHUQUISACA,2017-12-17,as_run,nb,briere,5,1.0,hostvector,201.9104,214.0953,-12.1849,1,30,390.0
BOLIVIA,CHUQUISACA,2017-12-17,thorough,nb,briere,5,1.0,hostvector,201.9104,214.0953,-12.1849,1,30,390.0
BOLIVIA,CHUQUISACA,2017-12-17,as_run,nb,briere,5,1.0,seir,197.2684,207.0933,-9.8248,1,30,390.0
BOLIVIA,CHUQUISACA,2017-12-17,thorough,nb,briere,5,1.0,seir,197.2684,207.0933,-9.8248,1,30,390.0
BOLIVIA,CHUQUISACA,2017-12-17,as_run,nb,briere,5,0.75,hostvector,165.5728,163.3079,2.2649,0,22,372.0
BOLIVIA,CHUQUISACA,2017-12-17,thorough,nb,briere,5,0.75,hostvector,165.5728,163.3079,2.2649,0,22,372.0
BOLIVIA,CHUQUISACA,2017-12-17,as_run,nb,briere,5,0.75,seir,159.7954,158.142,1.6534,0,22,372.0
BOLIVIA,CHUQUISACA,2017-12-17,thorough,nb,briere,5,0.75,seir,159.7954,158.142,1.6534,0,22,372.0
BOLIVIA,CHUQUISACA,2017-12-17,as_run,nb,briere,7,1.0,hostvector,198.0292,214.0953,-16.0661,1,30,390.0
BOLIVIA,CHUQUISACA,2017-12-17,thorough,nb,briere,7,1.0,hostvector,198.0292,214.0953,-16.0661,1,30,390.0
BOLIVIA,CHUQUISACA,2017-12-17,as_run,nb,briere,7,1.0,seir,194.5259,207.0933,-12.5673,1,30,390.0
BOLIVIA,CHUQUISACA,2017-12-17,thorough,nb,briere,7,1.0,seir,194.5259,207.0933,-12.5673,1,30,390.0
BOLIVIA,CHUQUISACA,2017-12-17,as_run,nb,briere,7,0.75,hostvector,160.9617,163.3079,-2.3462,1,22,372.0
BOLIVIA,CHUQUISACA,2017-12-17,thorough,nb,briere,7,0.75,hostvector,160.9617,163.3079,-2.3462,1,22,372.0
BOLIVIA,CHUQUISACA,2017-12-17,as_run,nb,briere,7,0.75,seir,156.2769,158.142,-1.8651,1,22,372.0
BOLIVIA,CHUQUISACA,2017-12-17,thorough,nb,briere,7,0.75,seir,156.2769,158.142,-1.8651,1,22,372.0
BOLIVIA,CHUQUISACA,2017-12-17,as_run,nb,loglinear,3,1.0,hostvector,201.6763,214.0953,-12.419,1,30,390.0
BOLIVIA,CHUQUISACA,2017-12-17,thorough,nb,loglinear,3,1.0,hostvector,201.6763,214.0953,-12.419,1,30,390.0
BOLIVIA,CHUQUISACA,2017-12-17,as_run,nb,loglinear,3,1.0,seir,199.1149,207.0933,-7.9783,1,30,390.0
BOLIVIA,CHUQUISACA,2017-12-17,thorough,nb,loglinear,3,1.0,seir,199.1149,207.0933,-7.9783,1,30,390.0
BOLIVIA,CHUQUISACA,2017-12-17,as_run,nb,loglinear,3,0.75,hostvector,163.6458,163.3079,0.3379,0,22,372.0
BOLIVIA,CHUQUISACA,2017-12-17,thorough,nb,loglinear,3,0.75,hostvector,163.6458,163.3079,0.3379,0,22,372.0
BOLIVIA,CHUQUISACA,2017-12-17,as_run,nb,loglinear,3,0.75,seir,160.6515,158.142,2.5095,0,22,372.0
BOLIVIA,CHUQUISACA,2017-12-17,thorough,nb,loglinear,3,0.75,seir,160.6515,158.142,2.5095,0,22,372.0
BOLIVIA,CHUQUISACA,2017-12-17,as_run,nb,loglinear,5,1.0,hostvector,201.7856,214.0953,-12.3097,1,30,390.0
BOLIVIA,CHUQUISACA,2017-12-17,thorough,nb,loglinear,5,1.0,hostvector,201.7856,214.0953,-12.3097,1,30,390.0
BOLIVIA,CHUQUISACA,2017-12-17,as_run,nb,loglinear,5,1.0,seir,197.8151,207.0933,-9.2782,1,30,390.0
BOLIVIA,CHUQUISACA,2017-12-17,thorough,nb,loglinear,5,1.0,seir,197.8151,207.0933,-9.2782,1,30,390.0
BOLIVIA,CHUQUISACA,2017-12-17,as_run,nb,loglinear,5,0.75,hostvector,164.6884,163.3079,1.3806,0,22,372.0
BOLIVIA,CHUQUISACA,2017-12-17,thorough,nb,loglinear,5,0.75,hostvector,164.6884,163.3079,1.3806,0,22,372.0
BOLIVIA,CHUQUISACA,2017-12-17,as_run,nb,loglinear,5,0.75,seir,159.7836,158.142,1.6416,0,22,372.0
BOLIVIA,CHUQUISACA,2017-12-17,thorough,nb,loglinear,5,0.75,seir,159.7836,158.142,1.6416,0,22,372.0
BOLIVIA,CHUQUISACA,2017-12-17,as_run,nb,loglinear,7,1.0,hostvector,197.8061,214.0953,-16.2892,1,30,390.0
BOLIVIA,CHUQUISACA,2017-12-17,thorough,nb,loglinear,7,1.0,hostvector,197.8061,214.0953,-16.2892,1,30,390.0
BOLIVIA,CHUQUISACA,2017-12-17,as_run,nb,loglinear,7,1.0,seir,194.4056,207.0933,-12.6876,1,30,390.0
BOLIVIA,CHUQUISACA,2017-12-17,thorough,nb,loglinear,7,1.0,seir,194.4056,207.0933,-12.6876,1,30,390.0
BOLIVIA,CHUQUISACA,2017-12-17,as_run,nb,loglinear,7,0.75,hostvector,160.3006,163.3079,-3.0073,1,22,372.0
BOLIVIA,CHUQUISACA,2017-12-17,thorough,nb,loglinear,7,0.75,hostvector,160.3006,163.3079,-3.0073,1,22,372.0
BOLIVIA,CHUQUISACA,2017-12-17,as_run,nb,loglinear,7,0.75,seir,156.1119,158.142,-2.0301,1,22,372.0
BOLIVIA,CHUQUISACA,2017-12-17,thorough,nb,loglinear,7,0.75,seir,156.1119,158.142,-2.0301,1,22,372.0
BOLIVIA,CHUQUISACA,2017-12-17,as_run,poisson,briere,3,1.0,hostvector,234.5737,285.2758,-50.7021,1,30,390.0
BOLIVIA,CHUQUISACA,2017-12-17,thorough,poisson,briere,3,1.0,hostvector,234.5737,285.2758,-50.7021,1,30,390.0
BOLIVIA,CHUQUISACA,2017-12-17,as_run,poisson,briere,3,1.0,seir,227.3273,270.4876,-43.1603,1,30,390.0
BOLIVIA,CHUQUISACA,2017-12-17,thorough,poisson,briere,3,1.0,seir,227.3273,270.4876,-43.1603,1,30,390.0
BOLIVIA,CHUQUISACA,2017-12-17,as_run,poisson,briere,3,0.75,hostvector,185.9988,197.3383,-11.3395,1,22,372.0
BOLIVIA,CHUQUISACA,2017-12-17,thorough,poisson,briere,3,0.75,hostvector,185.9988,197.3383,-11.3395,1,22,372.0
BOLIVIA,CHUQUISACA,2017-12-17,as_run,poisson,briere,3,0.75,seir,177.3532,184.8148,-7.4616,1,22,372.0
BOLIVIA,CHUQUISACA,2017-12-17,thorough,poisson,briere,3,0.75,seir,177.3532,184.8148,-7.4616,1,22,372.0
BOLIVIA,CHUQUISACA,2017-12-17,as_run,poisson,briere,5,1.0,hostvector,231.4308,285.2758,-53.845,1,30,390.0
BOLIVIA,CHUQUISACA,2017-12-17,thorough,poisson,briere,5,1.0,hostvector,231.4308,285.2758,-53.845,1,30,390.0
BOLIVIA,CHUQUISACA,2017-12-17,as_run,poisson,briere,5,1.0,seir,222.0542,270.4876,-48.4333,1,30,390.0
BOLIVIA,CHUQUISACA,2017-12-17,thorough,poisson,briere,5,1.0,seir,222.0542,270.4876,-48.4333,1,30,390.0
BOLIVIA,CHUQUISACA,2017-12-17,as_run,poisson,briere,5,0.75,hostvector,187.4361,197.3383,-9.9021,1,22,372.0
BOLIVIA,CHUQUISACA,2017-12-17,thorough,poisson,briere,5,0.75,hostvector,187.4361,197.3383,-9.9021,1,22,372.0
BOLIVIA,CHUQUISACA,2017-12-17,as_run,poisson,briere,5,0.75,seir,176.006,184.8148,-8.8088,1,22,372.0
BOLIVIA,CHUQUISACA,2017-12-17,thorough,poisson,briere,5,0.75,seir,176.006,184.8148,-8.8088,1,22,372.0
BOLIVIA,CHUQUISACA,2017-12-17,as_run,poisson,briere,7,1.0,hostvector,219.2371,285.2758,-66.0386,1,30,390.0
BOLIVIA,CHUQUISACA,2017-12-17,thorough,poisson,briere,7,1.0,hostvector,219.2371,285.2758,-66.0386,1,30,390.0
BOLIVIA,CHUQUISACA,2017-12-17,as_run,poisson,briere,7,1.0,seir,210.9135,270.4876,-59.574,1,30,390.0
BOLIVIA,CHUQUISACA,2017-12-17,thorough,poisson,briere,7,1.0,seir,210.9135,270.4876,-59.574,1,30,390.0
BOLIVIA,CHUQUISACA,2017-12-17,as_run,poisson,briere,7,0.75,hostvector,175.5224,197.3383,-21.8159,1,22,372.0
BOLIVIA,CHUQUISACA,2017-12-17,thorough,poisson,briere,7,0.75,hostvector,175.5224,197.3383,-21.8159,1,22,372.0
BOLIVIA,CHUQUISACA,2017-12-17,as_run,poisson,briere,7,0.75,seir,163.9063,184.8148,-20.9085,1,22,372.0
BOLIVIA,CHUQUISACA,2017-12-17,thorough,poisson,briere,7,0.75,seir,163.9063,184.8148,-20.9085,1,22,372.0
BOLIVIA,CHUQUISACA,2017-12-17,as_run,poisson,loglinear,3,1.0,hostvector,228.8802,285.2758,-56.3956,1,30,390.0
BOLIVIA,CHUQUISACA,2017-12-17,thorough,poisson,loglinear,3,1.0,hostvector,228.8802,285.2758,-56.3956,1,30,390.0
BOLIVIA,CHUQUISACA,2017-12-17,as_run,poisson,loglinear,3,1.0,seir,224.7608,270.4876,-45.7267,1,30,390.0
BOLIVIA,CHUQUISACA,2017-12-17,thorough,poisson,loglinear,3,1.0,seir,224.7608,270.4876,-45.7267,1,30,390.0
BOLIVIA,CHUQUISACA,2017-12-17,as_run,poisson,loglinear,3,0.75,hostvector,184.3024,197.3383,-13.0359,1,22,372.0
BOLIVIA,CHUQUISACA,2017-12-17,thorough,poisson,loglinear,3,0.75,hostvector,184.3024,197.3383,-13.0359,1,22,372.0
BOLIVIA,CHUQUISACA,2017-12-17,as_run,poisson,loglinear,3,0.75,seir,177.7132,184.8148,-7.1016,1,22,372.0
BOLIVIA,CHUQUISACA,2017-12-17,thorough,poisson,loglinear,3,0.75,seir,177.7132,184.8148,-7.1016,1,22,372.0
BOLIVIA,CHUQUISACA,2017-12-17,as_run,poisson,loglinear,5,1.0,hostvector,229.9488,285.2758,-55.327,1,30,390.0
BOLIVIA,CHUQUISACA,2017-12-17,thorough,poisson,loglinear,5,1.0,hostvector,229.9488,285.2758,-55.327,1,30,390.0
BOLIVIA,CHUQUISACA,2017-12-17,as_run,poisson,loglinear,5,1.0,seir,222.8428,270.4876,-47.6448,1,30,390.0
BOLIVIA,CHUQUISACA,2017-12-17,thorough,poisson,loglinear,5,1.0,seir,222.8428,270.4876,-47.6448,1,30,390.0
BOLIVIA,CHUQUISACA,2017-12-17,as_run,poisson,loglinear,5,0.75,hostvector,185.8569,197.3383,-11.4814,1,22,372.0
BOLIVIA,CHUQUISACA,2017-12-17,thorough,poisson,loglinear,5,0.75,hostvector,185.8569,197.3383,-11.4814,1,22,372.0
BOLIVIA,CHUQUISACA,2017-12-17,as_run,poisson,loglinear,5,0.75,seir,176.1417,184.8148,-8.6731,1,22,372.0
BOLIVIA,CHUQUISACA,2017-12-17,thorough,poisson,loglinear,5,0.75,seir,176.1417,184.8148,-8.6731,1,22,372.0
BOLIVIA,CHUQUISACA,2017-12-17,as_run,poisson,loglinear,7,1.0,hostvector,1872.9758,285.2758,1587.7,0,30,390.0
BOLIVIA,CHUQUISACA,2017-12-17,thorough,poisson,loglinear,7,1.0,hostvector,216.6527,285.2758,-68.6231,1,30,390.0
BOLIVIA,CHUQUISACA,2017-12-17,as_run,poisson,loglinear,7,1.0,seir,208.3883,270.4876,-62.0992,1,30,390.0
BOLIVIA,CHUQUISACA,2017-12-17,thorough,poisson,loglinear,7,1.0,seir,208.3883,270.4876,-62.0992,1,30,390.0
BOLIVIA,CHUQUISACA,2017-12-17,as_run,poisson,loglinear,7,0.75,hostvector,173.1558,197.3383,-24.1824,1,22,372.0
BOLIVIA,CHUQUISACA,2017-12-17,thorough,poisson,loglinear,7,0.75,hostvector,173.1558,197.3383,-24.1824,1,22,372.0
BOLIVIA,CHUQUISACA,2017-12-17,as_run,poisson,loglinear,7,0.75,seir,162.9665,184.8148,-21.8483,1,22,372.0
BOLIVIA,CHUQUISACA,2017-12-17,thorough,poisson,loglinear,7,0.75,seir,162.9665,184.8148,-21.8483,1,22,372.0
BOLIVIA,SANTA CRUZ,2020-08-16,as_run,nb,briere,3,1.0,hostvector,333.1807,357.1256,-23.9449,1,41,1618.0
BOLIVIA,SANTA CRUZ,2020-08-16,thorough,nb,briere,3,1.0,hostvector,333.1807,357.1256,-23.9449,1,41,1618.0
BOLIVIA,SANTA CRUZ,2020-08-16,as_run,nb,briere,3,1.0,seir,324.3208,342.7849,-18.4641,1,41,1618.0
BOLIVIA,SANTA CRUZ,2020-08-16,thorough,nb,briere,3,1.0,seir,324.3208,342.7849,-18.4641,1,41,1618.0
BOLIVIA,SANTA CRUZ,2020-08-16,as_run,nb,briere,3,0.75,hostvector,259.8871,279.7719,-19.8848,1,31,1387.0
BOLIVIA,SANTA CRUZ,2020-08-16,thorough,nb,briere,3,0.75,hostvector,259.8871,279.7719,-19.8848,1,31,1387.0
BOLIVIA,SANTA CRUZ,2020-08-16,as_run,nb,briere,3,0.75,seir,247.6985,264.4235,-16.725,1,31,1387.0
BOLIVIA,SANTA CRUZ,2020-08-16,thorough,nb,briere,3,0.75,seir,247.6972,264.4235,-16.7263,1,31,1387.0
BOLIVIA,SANTA CRUZ,2020-08-16,as_run,nb,briere,5,1.0,hostvector,354.6885,357.1256,-2.4371,1,41,1618.0
BOLIVIA,SANTA CRUZ,2020-08-16,thorough,nb,briere,5,1.0,hostvector,354.6885,357.1256,-2.4371,1,41,1618.0
BOLIVIA,SANTA CRUZ,2020-08-16,as_run,nb,briere,5,1.0,seir,339.2633,342.7849,-3.5216,1,41,1618.0
BOLIVIA,SANTA CRUZ,2020-08-16,thorough,nb,briere,5,1.0,seir,339.2633,342.7849,-3.5216,1,41,1618.0
BOLIVIA,SANTA CRUZ,2020-08-16,as_run,nb,briere,5,0.75,hostvector,278.3621,279.7719,-1.4098,1,31,1387.0
BOLIVIA,SANTA CRUZ,2020-08-16,thorough,nb,briere,5,0.75,hostvector,278.3621,279.7719,-1.4098,1,31,1387.0
BOLIVIA,SANTA CRUZ,2020-08-16,as_run,nb,briere,5,0.75,seir,248.6665,264.4235,-15.757,1,31,1387.0
BOLIVIA,SANTA CRUZ,2020-08-16,thorough,nb,briere,5,0.75,seir,248.6665,264.4235,-15.757,1,31,1387.0
BOLIVIA,SANTA CRUZ,2020-08-16,as_run,nb,briere,7,1.0,hostvector,358.0171,357.1256,0.8915,0,41,1618.0
BOLIVIA,SANTA CRUZ,2020-08-16,thorough,nb,briere,7,1.0,hostvector,358.0171,357.1256,0.8915,0,41,1618.0
BOLIVIA,SANTA CRUZ,2020-08-16,as_run,nb,briere,7,1.0,seir,343.915,342.7849,1.1301,0,41,1618.0
BOLIVIA,SANTA CRUZ,2020-08-16,thorough,nb,briere,7,1.0,seir,343.915,342.7849,1.1301,0,41,1618.0
BOLIVIA,SANTA CRUZ,2020-08-16,as_run,nb,briere,7,0.75,hostvector,278.9473,279.7719,-0.8246,1,31,1387.0
BOLIVIA,SANTA CRUZ,2020-08-16,thorough,nb,briere,7,0.75,hostvector,278.9473,279.7719,-0.8246,1,31,1387.0
BOLIVIA,SANTA CRUZ,2020-08-16,as_run,nb,briere,7,0.75,seir,248.3847,264.4235,-16.0388,1,31,1387.0
BOLIVIA,SANTA CRUZ,2020-08-16,thorough,nb,briere,7,0.75,seir,248.3847,264.4235,-16.0388,1,31,1387.0
BOLIVIA,SANTA CRUZ,2020-08-16,as_run,nb,loglinear,3,1.0,hostvector,332.1562,357.1256,-24.9694,1,41,1618.0
BOLIVIA,SANTA CRUZ,2020-08-16,thorough,nb,loglinear,3,1.0,hostvector,332.1562,357.1256,-24.9694,1,41,1618.0
BOLIVIA,SANTA CRUZ,2020-08-16,as_run,nb,loglinear,3,1.0,seir,323.328,342.7849,-19.4569,1,41,1618.0
BOLIVIA,SANTA CRUZ,2020-08-16,thorough,nb,loglinear,3,1.0,seir,323.328,342.7849,-19.4569,1,41,1618.0
BOLIVIA,SANTA CRUZ,2020-08-16,as_run,nb,loglinear,3,0.75,hostvector,259.4064,279.7719,-20.3655,1,31,1387.0
BOLIVIA,SANTA CRUZ,2020-08-16,thorough,nb,loglinear,3,0.75,hostvector,259.4064,279.7719,-20.3655,1,31,1387.0
BOLIVIA,SANTA CRUZ,2020-08-16,as_run,nb,loglinear,3,0.75,seir,246.2899,264.4235,-18.1336,1,31,1387.0
BOLIVIA,SANTA CRUZ,2020-08-16,thorough,nb,loglinear,3,0.75,seir,246.2899,264.4235,-18.1336,1,31,1387.0
BOLIVIA,SANTA CRUZ,2020-08-16,as_run,nb,loglinear,5,1.0,hostvector,351.4782,357.1256,-5.6474,1,41,1618.0
BOLIVIA,SANTA CRUZ,2020-08-16,thorough,nb,loglinear,5,1.0,hostvector,351.4782,357.1256,-5.6474,1,41,1618.0
BOLIVIA,SANTA CRUZ,2020-08-16,as_run,nb,loglinear,5,1.0,seir,334.8408,342.7849,-7.944,1,41,1618.0
BOLIVIA,SANTA CRUZ,2020-08-16,thorough,nb,loglinear,5,1.0,seir,334.8408,342.7849,-7.944,1,41,1618.0
BOLIVIA,SANTA CRUZ,2020-08-16,as_run,nb,loglinear,5,0.75,hostvector,269.9147,279.7719,-9.8572,1,31,1387.0
BOLIVIA,SANTA CRUZ,2020-08-16,thorough,nb,loglinear,5,0.75,hostvector,269.9147,279.7719,-9.8572,1,31,1387.0
BOLIVIA,SANTA CRUZ,2020-08-16,as_run,nb,loglinear,5,0.75,seir,246.6114,264.4235,-17.8121,1,31,1387.0
BOLIVIA,SANTA CRUZ,2020-08-16,thorough,nb,loglinear,5,0.75,seir,246.6114,264.4235,-17.8121,1,31,1387.0
BOLIVIA,SANTA CRUZ,2020-08-16,as_run,nb,loglinear,7,1.0,hostvector,354.3229,357.1256,-2.8027,1,41,1618.0
BOLIVIA,SANTA CRUZ,2020-08-16,thorough,nb,loglinear,7,1.0,hostvector,354.3229,357.1256,-2.8027,1,41,1618.0
BOLIVIA,SANTA CRUZ,2020-08-16,as_run,nb,loglinear,7,1.0,seir,337.9977,342.7849,-4.7871,1,41,1618.0
BOLIVIA,SANTA CRUZ,2020-08-16,thorough,nb,loglinear,7,1.0,seir,337.9977,342.7849,-4.7871,1,41,1618.0
BOLIVIA,SANTA CRUZ,2020-08-16,as_run,nb,loglinear,7,0.75,hostvector,269.7237,279.7719,-10.0482,1,31,1387.0
BOLIVIA,SANTA CRUZ,2020-08-16,thorough,nb,loglinear,7,0.75,hostvector,269.7237,279.7719,-10.0482,1,31,1387.0
BOLIVIA,SANTA CRUZ,2020-08-16,as_run,nb,loglinear,7,0.75,seir,246.1789,264.4235,-18.2446,1,31,1387.0
BOLIVIA,SANTA CRUZ,2020-08-16,thorough,nb,loglinear,7,0.75,seir,246.1789,264.4235,-18.2446,1,31,1387.0
BOLIVIA,SANTA CRUZ,2020-08-16,as_run,poisson,briere,3,1.0,hostvector,393.1967,481.6704,-88.4738,1,41,1618.0
BOLIVIA,SANTA CRUZ,2020-08-16,thorough,poisson,briere,3,1.0,hostvector,393.1967,481.6704,-88.4738,1,41,1618.0
BOLIVIA,SANTA CRUZ,2020-08-16,as_run,poisson,briere,3,1.0,seir,377.8054,457.8964,-80.0909,1,41,1618.0
BOLIVIA,SANTA CRUZ,2020-08-16,thorough,poisson,briere,3,1.0,seir,377.8054,457.8964,-80.0909,1,41,1618.0
BOLIVIA,SANTA CRUZ,2020-08-16,as_run,poisson,briere,3,0.75,hostvector,306.7426,370.507,-63.7644,1,31,1387.0
BOLIVIA,SANTA CRUZ,2020-08-16,thorough,poisson,briere,3,0.75,hostvector,306.7426,370.507,-63.7644,1,31,1387.0
BOLIVIA,SANTA CRUZ,2020-08-16,as_run,poisson,briere,3,0.75,seir,276.0429,344.0466,-68.0037,1,31,1387.0
BOLIVIA,SANTA CRUZ,2020-08-16,thorough,poisson,briere,3,0.75,seir,276.0429,344.0466,-68.0037,1,31,1387.0
BOLIVIA,SANTA CRUZ,2020-08-16,as_run,poisson,briere,5,1.0,hostvector,459.7798,481.6704,-21.8906,1,41,1618.0
BOLIVIA,SANTA CRUZ,2020-08-16,thorough,poisson,briere,5,1.0,hostvector,459.7798,481.6704,-21.8906,1,41,1618.0
BOLIVIA,SANTA CRUZ,2020-08-16,as_run,poisson,briere,5,1.0,seir,435.5525,457.8964,-22.3438,1,41,1618.0
BOLIVIA,SANTA CRUZ,2020-08-16,thorough,poisson,briere,5,1.0,seir,435.5525,457.8964,-22.3438,1,41,1618.0
BOLIVIA,SANTA CRUZ,2020-08-16,as_run,poisson,briere,5,0.75,hostvector,340.0824,370.507,-30.4247,1,31,1387.0
BOLIVIA,SANTA CRUZ,2020-08-16,thorough,poisson,briere,5,0.75,hostvector,340.0824,370.507,-30.4247,1,31,1387.0
BOLIVIA,SANTA CRUZ,2020-08-16,as_run,poisson,briere,5,0.75,seir,278.7835,344.0466,-65.2631,1,31,1387.0
BOLIVIA,SANTA CRUZ,2020-08-16,thorough,poisson,briere,5,0.75,seir,278.7835,344.0466,-65.2631,1,31,1387.0
BOLIVIA,SANTA CRUZ,2020-08-16,as_run,poisson,briere,7,1.0,hostvector,480.0227,481.6704,-1.6477,1,41,1618.0
BOLIVIA,SANTA CRUZ,2020-08-16,thorough,poisson,briere,7,1.0,hostvector,480.0227,481.6704,-1.6477,1,41,1618.0
BOLIVIA,SANTA CRUZ,2020-08-16,as_run,poisson,briere,7,1.0,seir,453.0643,457.8964,-4.8321,1,41,1618.0
BOLIVIA,SANTA CRUZ,2020-08-16,thorough,poisson,briere,7,1.0,seir,453.0643,457.8964,-4.8321,1,41,1618.0
BOLIVIA,SANTA CRUZ,2020-08-16,as_run,poisson,briere,7,0.75,hostvector,343.2012,370.507,-27.3059,1,31,1387.0
BOLIVIA,SANTA CRUZ,2020-08-16,thorough,poisson,briere,7,0.75,hostvector,343.2012,370.507,-27.3059,1,31,1387.0
BOLIVIA,SANTA CRUZ,2020-08-16,as_run,poisson,briere,7,0.75,seir,278.0997,344.0466,-65.9469,1,31,1387.0
BOLIVIA,SANTA CRUZ,2020-08-16,thorough,poisson,briere,7,0.75,seir,278.0997,344.0466,-65.9469,1,31,1387.0
BOLIVIA,SANTA CRUZ,2020-08-16,as_run,poisson,loglinear,3,1.0,hostvector,389.1988,481.6704,-92.4717,1,41,1618.0
BOLIVIA,SANTA CRUZ,2020-08-16,thorough,poisson,loglinear,3,1.0,hostvector,389.1988,481.6704,-92.4717,1,41,1618.0
BOLIVIA,SANTA CRUZ,2020-08-16,as_run,poisson,loglinear,3,1.0,seir,373.5163,457.8964,-84.38,1,41,1618.0
BOLIVIA,SANTA CRUZ,2020-08-16,thorough,poisson,loglinear,3,1.0,seir,373.5163,457.8964,-84.38,1,41,1618.0
BOLIVIA,SANTA CRUZ,2020-08-16,as_run,poisson,loglinear,3,0.75,hostvector,300.5302,370.507,-69.9769,1,31,1387.0
BOLIVIA,SANTA CRUZ,2020-08-16,thorough,poisson,loglinear,3,0.75,hostvector,300.5302,370.507,-69.9769,1,31,1387.0
BOLIVIA,SANTA CRUZ,2020-08-16,as_run,poisson,loglinear,3,0.75,seir,272.0649,344.0466,-71.9817,1,31,1387.0
BOLIVIA,SANTA CRUZ,2020-08-16,thorough,poisson,loglinear,3,0.75,seir,272.0649,344.0466,-71.9817,1,31,1387.0
BOLIVIA,SANTA CRUZ,2020-08-16,as_run,poisson,loglinear,5,1.0,hostvector,444.5491,481.6704,-37.1213,1,41,1618.0
BOLIVIA,SANTA CRUZ,2020-08-16,thorough,poisson,loglinear,5,1.0,hostvector,444.5491,481.6704,-37.1213,1,41,1618.0
BOLIVIA,SANTA CRUZ,2020-08-16,as_run,poisson,loglinear,5,1.0,seir,416.3179,457.8964,-41.5785,1,41,1618.0
BOLIVIA,SANTA CRUZ,2020-08-16,thorough,poisson,loglinear,5,1.0,seir,416.3179,457.8964,-41.5785,1,41,1618.0
BOLIVIA,SANTA CRUZ,2020-08-16,as_run,poisson,loglinear,5,0.75,hostvector,317.9399,370.507,-52.5672,1,31,1387.0
BOLIVIA,SANTA CRUZ,2020-08-16,thorough,poisson,loglinear,5,0.75,hostvector,317.9399,370.507,-52.5672,1,31,1387.0
BOLIVIA,SANTA CRUZ,2020-08-16,as_run,poisson,loglinear,5,0.75,seir,273.3404,344.0466,-70.7062,1,31,1387.0
BOLIVIA,SANTA CRUZ,2020-08-16,thorough,poisson,loglinear,5,0.75,seir,273.3404,344.0466,-70.7062,1,31,1387.0
BOLIVIA,SANTA CRUZ,2020-08-16,as_run,poisson,loglinear,7,1.0,hostvector,458.9034,481.6704,-22.7671,1,41,1618.0
BOLIVIA,SANTA CRUZ,2020-08-16,thorough,poisson,loglinear,7,1.0,hostvector,458.9034,481.6704,-22.7671,1,41,1618.0
BOLIVIA,SANTA CRUZ,2020-08-16,as_run,poisson,loglinear,7,1.0,seir,428.0869,457.8964,-29.8095,1,41,1618.0
BOLIVIA,SANTA CRUZ,2020-08-16,thorough,poisson,loglinear,7,1.0,seir,428.0869,457.8964,-29.8095,1,41,1618.0
BOLIVIA,SANTA CRUZ,2020-08-16,as_run,poisson,loglinear,7,0.75,hostvector,317.999,370.507,-52.508,1,31,1387.0
BOLIVIA,SANTA CRUZ,2020-08-16,thorough,poisson,loglinear,7,0.75,hostvector,317.999,370.507,-52.508,1,31,1387.0
BOLIVIA,SANTA CRUZ,2020-08-16,as_run,poisson,loglinear,7,0.75,seir,271.9467,344.0466,-72.1,1,31,1387.0
BOLIVIA,SANTA CRUZ,2020-08-16,thorough,poisson,loglinear,7,0.75,seir,271.9467,344.0466,-72.1,1,31,1387.0
BRAZIL,BRAZIL,2014-11-30,as_run,nb,briere,3,1.0,hostvector,876.8361,890.6948,-13.8586,1,36,1485001.0
BRAZIL,BRAZIL,2014-11-30,thorough,nb,briere,3,1.0,hostvector,876.8702,890.6948,-13.8246,1,36,1485001.0
BRAZIL,BRAZIL,2014-11-30,as_run,nb,briere,3,1.0,seir,897.6698,939.4764,-41.8066,1,36,1485001.0
BRAZIL,BRAZIL,2014-11-30,thorough,nb,briere,3,1.0,seir,897.2922,939.4764,-42.1842,1,36,1485001.0
BRAZIL,BRAZIL,2014-11-30,as_run,nb,briere,3,0.75,hostvector,679.6217,679.7741,-0.1523,1,27,1363341.0
BRAZIL,BRAZIL,2014-11-30,thorough,nb,briere,3,0.75,hostvector,679.6017,679.7741,-0.1724,1,27,1363341.0
BRAZIL,BRAZIL,2014-11-30,as_run,nb,briere,3,0.75,seir,701.6435,706.9118,-5.2682,1,27,1363341.0
BRAZIL,BRAZIL,2014-11-30,thorough,nb,briere,3,0.75,seir,701.5836,706.9118,-5.3282,1,27,1363341.0
BRAZIL,BRAZIL,2014-11-30,as_run,nb,briere,5,1.0,hostvector,881.3671,890.6948,-9.3277,1,36,1485001.0
BRAZIL,BRAZIL,2014-11-30,thorough,nb,briere,5,1.0,hostvector,881.3922,890.6948,-9.3026,1,36,1485001.0
BRAZIL,BRAZIL,2014-11-30,as_run,nb,briere,5,1.0,seir,913.7689,939.4764,-25.7075,1,36,1485001.0
BRAZIL,BRAZIL,2014-11-30,thorough,nb,briere,5,1.0,seir,913.6586,939.4764,-25.8178,1,36,1485001.0
BRAZIL,BRAZIL,2014-11-30,as_run,nb,briere,5,0.75,hostvector,683.4337,679.7741,3.6596,0,27,1363341.0
BRAZIL,BRAZIL,2014-11-30,thorough,nb,briere,5,0.75,hostvector,683.4337,679.7741,3.6596,0,27,1363341.0
BRAZIL,BRAZIL,2014-11-30,as_run,nb,briere,5,0.75,seir,712.7499,706.9118,5.8382,0,27,1363341.0
BRAZIL,BRAZIL,2014-11-30,thorough,nb,briere,5,0.75,seir,710.6739,706.9118,3.7621,0,27,1363341.0
BRAZIL,BRAZIL,2014-11-30,as_run,nb,briere,7,1.0,hostvector,891.8399,890.6948,1.1451,0,36,1485001.0
BRAZIL,BRAZIL,2014-11-30,thorough,nb,briere,7,1.0,hostvector,891.8069,890.6948,1.1121,0,36,1485001.0
BRAZIL,BRAZIL,2014-11-30,as_run,nb,briere,7,1.0,seir,934.55,939.4764,-4.9264,1,36,1485001.0
BRAZIL,BRAZIL,2014-11-30,thorough,nb,briere,7,1.0,seir,934.537,939.4764,-4.9395,1,36,1485001.0
BRAZIL,BRAZIL,2014-11-30,as_run,nb,briere,7,0.75,hostvector,680.9462,679.7741,1.1721,0,27,1363341.0
BRAZIL,BRAZIL,2014-11-30,thorough,nb,briere,7,0.75,hostvector,682.0475,679.7741,2.2734,0,27,1363341.0
BRAZIL,BRAZIL,2014-11-30,as_run,nb,briere,7,0.75,seir,706.2613,706.9118,-0.6505,1,27,1363341.0
BRAZIL,BRAZIL,2014-11-30,thorough,nb,briere,7,0.75,seir,705.9977,706.9118,-0.914,1,27,1363341.0
BRAZIL,BRAZIL,2014-11-30,as_run,nb,loglinear,3,1.0,hostvector,873.0839,890.6948,-17.6109,1,36,1485001.0
BRAZIL,BRAZIL,2014-11-30,thorough,nb,loglinear,3,1.0,hostvector,873.0846,890.6948,-17.6102,1,36,1485001.0
BRAZIL,BRAZIL,2014-11-30,as_run,nb,loglinear,3,1.0,seir,880.5849,939.4764,-58.8915,1,36,1485001.0
BRAZIL,BRAZIL,2014-11-30,thorough,nb,loglinear,3,1.0,seir,880.5813,939.4764,-58.8951,1,36,1485001.0
BRAZIL,BRAZIL,2014-11-30,as_run,nb,loglinear,3,0.75,hostvector,665.5736,679.7741,-14.2004,1,27,1363341.0
BRAZIL,BRAZIL,2014-11-30,thorough,nb,loglinear,3,0.75,hostvector,665.5737,679.7741,-14.2004,1,27,1363341.0
BRAZIL,BRAZIL,2014-11-30,as_run,nb,loglinear,3,0.75,seir,668.4272,706.9118,-38.4846,1,27,1363341.0
BRAZIL,BRAZIL,2014-11-30,thorough,nb,loglinear,3,0.75,seir,668.3125,706.9118,-38.5993,1,27,1363341.0
BRAZIL,BRAZIL,2014-11-30,as_run,nb,loglinear,5,1.0,hostvector,869.6501,890.6948,-21.0447,1,36,1485001.0
BRAZIL,BRAZIL,2014-11-30,thorough,nb,loglinear,5,1.0,hostvector,869.6503,890.6948,-21.0445,1,36,1485001.0
BRAZIL,BRAZIL,2014-11-30,as_run,nb,loglinear,5,1.0,seir,874.4783,939.4764,-64.9981,1,36,1485001.0
BRAZIL,BRAZIL,2014-11-30,thorough,nb,loglinear,5,1.0,seir,874.4783,939.4764,-64.9981,1,36,1485001.0
BRAZIL,BRAZIL,2014-11-30,as_run,nb,loglinear,5,0.75,hostvector,664.3431,679.7741,-15.431,1,27,1363341.0
BRAZIL,BRAZIL,2014-11-30,thorough,nb,loglinear,5,0.75,hostvector,664.3431,679.7741,-15.431,1,27,1363341.0
BRAZIL,BRAZIL,2014-11-30,as_run,nb,loglinear,5,0.75,seir,667.4724,706.9118,-39.4394,1,27,1363341.0
BRAZIL,BRAZIL,2014-11-30,thorough,nb,loglinear,5,0.75,seir,667.4725,706.9118,-39.4392,1,27,1363341.0
BRAZIL,BRAZIL,2014-11-30,as_run,nb,loglinear,7,1.0,hostvector,870.9259,890.6948,-19.7689,1,36,1485001.0
BRAZIL,BRAZIL,2014-11-30,thorough,nb,loglinear,7,1.0,hostvector,870.8217,890.6948,-19.8731,1,36,1485001.0
BRAZIL,BRAZIL,2014-11-30,as_run,nb,loglinear,7,1.0,seir,875.7195,939.4764,-63.7569,1,36,1485001.0
BRAZIL,BRAZIL,2014-11-30,thorough,nb,loglinear,7,1.0,seir,875.7196,939.4764,-63.7568,1,36,1485001.0
BRAZIL,BRAZIL,2014-11-30,as_run,nb,loglinear,7,0.75,hostvector,666.1793,679.7741,-13.5948,1,27,1363341.0
BRAZIL,BRAZIL,2014-11-30,thorough,nb,loglinear,7,0.75,hostvector,666.1796,679.7741,-13.5945,1,27,1363341.0
BRAZIL,BRAZIL,2014-11-30,as_run,nb,loglinear,7,0.75,seir,669.4125,706.9118,-37.4993,1,27,1363341.0
BRAZIL,BRAZIL,2014-11-30,thorough,nb,loglinear,7,0.75,seir,669.4124,706.9118,-37.4994,1,27,1363341.0
BRAZIL,BRAZIL,2014-11-30,as_run,poisson,briere,3,1.0,hostvector,1467602.6611,1734455.7782,-266853.117,1,36,1485001.0
BRAZIL,BRAZIL,2014-11-30,thorough,poisson,briere,3,1.0,hostvector,1467589.1309,1734455.6606,-266866.5296,1,36,1485001.0
BRAZIL,BRAZIL,2014-11-30,as_run,poisson,briere,3,1.0,seir,1753401.3426,2399455.4971,-646054.1544,1,36,1485001.0
BRAZIL,BRAZIL,2014-11-30,thorough,poisson,briere,3,1.0,seir,1753417.3353,2399531.0385,-646113.7032,1,36,1485001.0
BRAZIL,BRAZIL,2014-11-30,as_run,poisson,briere,3,0.75,hostvector,1270055.9764,1456911.7939,-186855.8175,1,27,1363341.0
BRAZIL,BRAZIL,2014-11-30,thorough,poisson,briere,3,0.75,hostvector,1270081.5992,1456911.7794,-186830.1803,1,27,1363341.0
BRAZIL,BRAZIL,2014-11-30,as_run,poisson,briere,3,0.75,seir,1624435.8255,1975308.4539,-350872.6284,1,27,1363341.0
BRAZIL,BRAZIL,2014-11-30,as_run,poisson,briere,5,1.0,hostvector,1474081.8583,1734455.7782,-260373.9199,1,36,1485001.0
BRAZIL,BRAZIL,2014-11-30,thorough,poisson,briere,5,1.0,hostvector,1474178.0829,1734455.6606,-260277.5777,1,36,1485001.0
BRAZIL,BRAZIL,2014-11-30,as_run,poisson,briere,5,1.0,seir,1856944.6513,2399455.4971,-542510.8458,1,36,1485001.0
BRAZIL,BRAZIL,2014-11-30,thorough,poisson,briere,5,1.0,seir,1856950.5436,2399531.0385,-542580.4949,1,36,1485001.0
BRAZIL,BRAZIL,2014-11-30,as_run,poisson,briere,5,0.75,hostvector,1383076.9134,1456911.7939,-73834.8805,1,27,1363341.0
BRAZIL,BRAZIL,2014-11-30,thorough,poisson,briere,5,0.75,hostvector,1383106.869,1456911.7794,-73804.9104,1,27,1363341.0
BRAZIL,BRAZIL,2014-11-30,as_run,poisson,briere,5,0.75,seir,1835087.2191,1975308.4539,-140221.2347,1,27,1363341.0
BRAZIL,BRAZIL,2014-11-30,as_run,poisson,briere,7,1.0,hostvector,1573627.0772,1734455.7782,-160828.701,1,36,1485001.0
BRAZIL,BRAZIL,2014-11-30,thorough,poisson,briere,7,1.0,hostvector,1573629.1982,1734455.6606,-160826.4624,1,36,1485001.0
BRAZIL,BRAZIL,2014-11-30,as_run,poisson,briere,7,1.0,seir,2086586.4322,2399455.4971,-312869.0649,1,36,1485001.0
BRAZIL,BRAZIL,2014-11-30,thorough,poisson,briere,7,1.0,seir,2086568.3706,2399531.0385,-312962.6679,1,36,1485001.0
BRAZIL,BRAZIL,2014-11-30,as_run,poisson,briere,7,0.75,hostvector,1461610.3153,1456911.7939,4698.5214,0,27,1363341.0
BRAZIL,BRAZIL,2014-11-30,thorough,poisson,briere,7,0.75,hostvector,1473721.414,1456911.7794,16809.6346,0,27,1363341.0
BRAZIL,BRAZIL,2014-11-30,as_run,poisson,briere,7,0.75,seir,1977247.9603,1975308.4539,1939.5065,0,27,1363341.0
BRAZIL,BRAZIL,2014-11-30,as_run,poisson,loglinear,3,1.0,hostvector,1455351.3431,1734455.7782,-279104.435,1,36,1485001.0
BRAZIL,BRAZIL,2014-11-30,thorough,poisson,loglinear,3,1.0,hostvector,1455352.2159,1734455.6606,-279103.4447,1,36,1485001.0
BRAZIL,BRAZIL,2014-11-30,as_run,poisson,loglinear,3,1.0,seir,1622466.0598,2399455.4971,-776989.4373,1,36,1485001.0
BRAZIL,BRAZIL,2014-11-30,thorough,poisson,loglinear,3,1.0,seir,1622468.8758,2399531.0385,-777062.1627,1,36,1485001.0
BRAZIL,BRAZIL,2014-11-30,as_run,poisson,loglinear,3,0.75,hostvector,1187875.7595,1456911.7939,-269036.0344,1,27,1363341.0
BRAZIL,BRAZIL,2014-11-30,thorough,poisson,loglinear,3,0.75,hostvector,1190130.5921,1456911.7794,-266781.1873,1,27,1363341.0
BRAZIL,BRAZIL,2014-11-30,as_run,poisson,loglinear,3,0.75,seir,1330153.3654,1975308.4539,-645155.0884,1,27,1363341.0
BRAZIL,BRAZIL,2014-11-30,as_run,poisson,loglinear,5,1.0,hostvector,1413775.107,1734455.7782,-320680.6711,1,36,1485001.0
BRAZIL,BRAZIL,2014-11-30,thorough,poisson,loglinear,5,1.0,hostvector,1413774.3269,1734455.6606,-320681.3337,1,36,1485001.0
BRAZIL,BRAZIL,2014-11-30,as_run,poisson,loglinear,5,1.0,seir,1538245.6077,2399455.4971,-861209.8893,1,36,1485001.0
BRAZIL,BRAZIL,2014-11-30,thorough,poisson,loglinear,5,1.0,seir,1538245.1654,2399531.0385,-861285.8731,1,36,1485001.0
BRAZIL,BRAZIL,2014-11-30,as_run,poisson,loglinear,5,0.75,hostvector,1189119.564,1456911.7939,-267792.2299,1,27,1363341.0
BRAZIL,BRAZIL,2014-11-30,thorough,poisson,loglinear,5,0.75,hostvector,1192575.0083,1456911.7794,-264336.7712,1,27,1363341.0
BRAZIL,BRAZIL,2014-11-30,as_run,poisson,loglinear,5,0.75,seir,1347572.0295,1975308.4539,-627736.4244,1,27,1363341.0
BRAZIL,BRAZIL,2014-11-30,as_run,poisson,loglinear,7,1.0,hostvector,1409393.7491,1734455.7782,-325062.029,1,36,1485001.0
BRAZIL,BRAZIL,2014-11-30,thorough,poisson,loglinear,7,1.0,hostvector,1410127.2339,1734455.6606,-324328.4267,1,36,1485001.0
BRAZIL,BRAZIL,2014-11-30,as_run,poisson,loglinear,7,1.0,seir,1533864.4494,2399455.4971,-865591.0476,1,36,1485001.0
BRAZIL,BRAZIL,2014-11-30,thorough,poisson,loglinear,7,1.0,seir,1533864.8009,2399531.0385,-865666.2376,1,36,1485001.0
BRAZIL,BRAZIL,2014-11-30,as_run,poisson,loglinear,7,0.75,hostvector,1207746.7699,1456911.7939,-249165.024,1,27,1363341.0
BRAZIL,BRAZIL,2014-11-30,as_run,poisson,loglinear,7,0.75,seir,1345797.618,1975308.4539,-629510.8359,1,27,1363341.0
CAMBODIA,CAMBODIA,2013-03-17,as_run,nb,briere,3,1.0,hostvector,445.6119,444.0792,1.5327,0,35,15736.0
CAMBODIA,CAMBODIA,2013-03-17,thorough,nb,briere,3,1.0,hostvector,445.6119,444.0792,1.5327,0,35,15736.0
CAMBODIA,CAMBODIA,2013-03-17,as_run,nb,briere,3,1.0,seir,430.965,432.797,-1.832,1,35,15736.0
CAMBODIA,CAMBODIA,2013-03-17,thorough,nb,briere,3,1.0,seir,430.965,432.797,-1.832,1,35,15736.0
CAMBODIA,CAMBODIA,2013-03-17,as_run,nb,briere,3,0.75,hostvector,337.4596,337.3531,0.1065,0,26,13505.0
CAMBODIA,CAMBODIA,2013-03-17,thorough,nb,briere,3,0.75,hostvector,337.4596,337.3531,0.1065,0,26,13505.0
CAMBODIA,CAMBODIA,2013-03-17,as_run,nb,briere,3,0.75,seir,323.9224,321.5113,2.4111,0,26,13505.0
CAMBODIA,CAMBODIA,2013-03-17,thorough,nb,briere,3,0.75,seir,323.9224,321.5113,2.4111,0,26,13505.0
CAMBODIA,CAMBODIA,2013-03-17,as_run,nb,briere,5,1.0,hostvector,442.1917,444.0792,-1.8874,1,35,15736.0
CAMBODIA,CAMBODIA,2013-03-17,thorough,nb,briere,5,1.0,hostvector,442.1917,444.0792,-1.8874,1,35,15736.0
CAMBODIA,CAMBODIA,2013-03-17,as_run,nb,briere,5,1.0,seir,425.033,432.797,-7.764,1,35,15736.0
CAMBODIA,CAMBODIA,2013-03-17,thorough,nb,briere,5,1.0,seir,425.033,432.797,-7.764,1,35,15736.0
CAMBODIA,CAMBODIA,2013-03-17,as_run,nb,briere,5,0.75,hostvector,340.637,337.3531,3.284,0,26,13505.0
CAMBODIA,CAMBODIA,2013-03-17,thorough,nb,briere,5,0.75,hostvector,340.637,337.3531,3.284,0,26,13505.0
CAMBODIA,CAMBODIA,2013-03-17,as_run,nb,briere,5,0.75,seir,325.5024,321.5113,3.9911,0,26,13505.0
CAMBODIA,CAMBODIA,2013-03-17,thorough,nb,briere,5,0.75,seir,325.5024,321.5113,3.9911,0,26,13505.0
CAMBODIA,CAMBODIA,2013-03-17,as_run,nb,briere,7,1.0,hostvector,436.5907,444.0792,-7.4885,1,35,15736.0
CAMBODIA,CAMBODIA,2013-03-17,thorough,nb,briere,7,1.0,hostvector,436.5907,444.0792,-7.4885,1,35,15736.0
CAMBODIA,CAMBODIA,2013-03-17,as_run,nb,briere,7,1.0,seir,420.7357,432.797,-12.0613,1,35,15736.0
CAMBODIA,CAMBODIA,2013-03-17,thorough,nb,briere,7,1.0,seir,420.7357,432.797,-12.0613,1,35,15736.0
CAMBODIA,CAMBODIA,2013-03-17,as_run,nb,briere,7,0.75,hostvector,339.3583,337.3531,2.0052,0,26,13505.0
CAMBODIA,CAMBODIA,2013-03-17,thorough,nb,briere,7,0.75,hostvector,339.3583,337.3531,2.0052,0,26,13505.0
CAMBODIA,CAMBODIA,2013-03-17,as_run,nb,briere,7,0.75,seir,324.1024,321.5113,2.5911,0,26,13505.0
CAMBODIA,CAMBODIA,2013-03-17,thorough,nb,briere,7,0.75,seir,324.1024,321.5113,2.5911,0,26,13505.0
CAMBODIA,CAMBODIA,2013-03-17,as_run,nb,loglinear,3,1.0,hostvector,447.134,444.0792,3.0548,0,35,15736.0
CAMBODIA,CAMBODIA,2013-03-17,thorough,nb,loglinear,3,1.0,hostvector,447.134,444.0792,3.0548,0,35,15736.0
CAMBODIA,CAMBODIA,2013-03-17,as_run,nb,loglinear,3,1.0,seir,432.6583,432.797,-0.1387,1,35,15736.0
CAMBODIA,CAMBODIA,2013-03-17,thorough,nb,loglinear,3,1.0,seir,432.6583,432.797,-0.1387,1,35,15736.0
CAMBODIA,CAMBODIA,2013-03-17,as_run,nb,loglinear,3,0.75,hostvector,334.8591,337.3531,-2.494,1,26,13505.0
CAMBODIA,CAMBODIA,2013-03-17,thorough,nb,loglinear,3,0.75,hostvector,334.8591,337.3531,-2.494,1,26,13505.0
CAMBODIA,CAMBODIA,2013-03-17,as_run,nb,loglinear,3,0.75,seir,321.8801,321.5113,0.3688,0,26,13505.0
CAMBODIA,CAMBODIA,2013-03-17,thorough,nb,loglinear,3,0.75,seir,321.8801,321.5113,0.3688,0,26,13505.0
CAMBODIA,CAMBODIA,2013-03-17,as_run,nb,loglinear,5,1.0,hostvector,437.9216,444.0792,-6.1575,1,35,15736.0
CAMBODIA,CAMBODIA,2013-03-17,thorough,nb,loglinear,5,1.0,hostvector,437.9216,444.0792,-6.1575,1,35,15736.0
CAMBODIA,CAMBODIA,2013-03-17,as_run,nb,loglinear,5,1.0,seir,422.3023,432.797,-10.4947,1,35,15736.0
CAMBODIA,CAMBODIA,2013-03-17,thorough,nb,loglinear,5,1.0,seir,422.3023,432.797,-10.4947,1,35,15736.0
CAMBODIA,CAMBODIA,2013-03-17,as_run,nb,loglinear,5,0.75,hostvector,333.6613,337.3531,-3.6918,1,26,13505.0
CAMBODIA,CAMBODIA,2013-03-17,thorough,nb,loglinear,5,0.75,hostvector,333.6613,337.3531,-3.6918,1,26,13505.0
CAMBODIA,CAMBODIA,2013-03-17,as_run,nb,loglinear,5,0.75,seir,320.5994,321.5113,-0.9119,1,26,13505.0
CAMBODIA,CAMBODIA,2013-03-17,thorough,nb,loglinear,5,0.75,seir,320.5994,321.5113,-0.9119,1,26,13505.0
CAMBODIA,CAMBODIA,2013-03-17,as_run,nb,loglinear,7,1.0,hostvector,433.0621,444.0792,-11.0171,1,35,15736.0
CAMBODIA,CAMBODIA,2013-03-17,thorough,nb,loglinear,7,1.0,hostvector,433.0621,444.0792,-11.0171,1,35,15736.0
CAMBODIA,CAMBODIA,2013-03-17,as_run,nb,loglinear,7,1.0,seir,419.4619,432.797,-13.3351,1,35,15736.0
CAMBODIA,CAMBODIA,2013-03-17,thorough,nb,loglinear,7,1.0,seir,419.4619,432.797,-13.3351,1,35,15736.0
CAMBODIA,CAMBODIA,2013-03-17,as_run,nb,loglinear,7,0.75,hostvector,334.3702,337.3531,-2.9829,1,26,13505.0
CAMBODIA,CAMBODIA,2013-03-17,thorough,nb,loglinear,7,0.75,hostvector,334.3702,337.3531,-2.9829,1,26,13505.0
CAMBODIA,CAMBODIA,2013-03-17,as_run,nb,loglinear,7,0.75,seir,321.6274,321.5113,0.1161,0,26,13505.0
CAMBODIA,CAMBODIA,2013-03-17,thorough,nb,loglinear,7,0.75,seir,321.6274,321.5113,0.1161,0,26,13505.0
CAMBODIA,CAMBODIA,2013-03-17,as_run,poisson,briere,3,1.0,hostvector,1094.6558,1307.361,-212.7051,1,35,15736.0
CAMBODIA,CAMBODIA,2013-03-17,thorough,poisson,briere,3,1.0,hostvector,1094.6558,1307.361,-212.7051,1,35,15736.0
CAMBODIA,CAMBODIA,2013-03-17,as_run,poisson,briere,3,1.0,seir,977.4223,1256.2275,-278.8052,1,35,15736.0
CAMBODIA,CAMBODIA,2013-03-17,thorough,poisson,briere,3,1.0,seir,977.4223,1256.2275,-278.8052,1,35,15736.0
CAMBODIA,CAMBODIA,2013-03-17,as_run,poisson,briere,3,0.75,hostvector,581.2699,606.2884,-25.0185,1,26,13505.0
CAMBODIA,CAMBODIA,2013-03-17,thorough,poisson,briere,3,0.75,hostvector,581.2699,606.2884,-25.0185,1,26,13505.0
CAMBODIA,CAMBODIA,2013-03-17,as_run,poisson,briere,3,0.75,seir,486.9084,497.7843,-10.8758,1,26,13505.0
CAMBODIA,CAMBODIA,2013-03-17,thorough,poisson,briere,3,0.75,seir,486.9084,497.7843,-10.8758,1,26,13505.0
CAMBODIA,CAMBODIA,2013-03-17,as_run,poisson,briere,5,1.0,hostvector,815.9778,1307.361,-491.3832,1,35,15736.0
CAMBODIA,CAMBODIA,2013-03-17,thorough,poisson,briere,5,1.0,hostvector,815.9778,1307.361,-491.3832,1,35,15736.0
CAMBODIA,CAMBODIA,2013-03-17,as_run,poisson,briere,5,1.0,seir,651.8107,1256.2275,-604.4168,1,35,15736.0
CAMBODIA,CAMBODIA,2013-03-17,thorough,poisson,briere,5,1.0,seir,651.8107,1256.2275,-604.4168,1,35,15736.0
CAMBODIA,CAMBODIA,2013-03-17,as_run,poisson,briere,5,0.75,hostvector,599.7202,606.2884,-6.5682,1,26,13505.0
CAMBODIA,CAMBODIA,2013-03-17,thorough,poisson,briere,5,0.75,hostvector,599.7202,606.2884,-6.5682,1,26,13505.0
CAMBODIA,CAMBODIA,2013-03-17,as_run,poisson,briere,5,0.75,seir,468.6692,497.7843,-29.1151,1,26,13505.0
CAMBODIA,CAMBODIA,2013-03-17,thorough,poisson,briere,5,0.75,seir,468.6692,497.7843,-29.1151,1,26,13505.0
CAMBODIA,CAMBODIA,2013-03-17,as_run,poisson,briere,7,1.0,hostvector,716.9871,1307.361,-590.3738,1,35,15736.0
CAMBODIA,CAMBODIA,2013-03-17,thorough,poisson,briere,7,1.0,hostvector,716.9871,1307.361,-590.3738,1,35,15736.0
CAMBODIA,CAMBODIA,2013-03-17,as_run,poisson,briere,7,1.0,seir,607.6103,1256.2275,-648.6173,1,35,15736.0
CAMBODIA,CAMBODIA,2013-03-17,thorough,poisson,briere,7,1.0,seir,607.6103,1256.2275,-648.6173,1,35,15736.0
CAMBODIA,CAMBODIA,2013-03-17,as_run,poisson,briere,7,0.75,hostvector,579.9846,606.2884,-26.3038,1,26,13505.0
CAMBODIA,CAMBODIA,2013-03-17,thorough,poisson,briere,7,0.75,hostvector,579.9846,606.2884,-26.3038,1,26,13505.0
CAMBODIA,CAMBODIA,2013-03-17,as_run,poisson,briere,7,0.75,seir,467.4676,497.7843,-30.3167,1,26,13505.0
CAMBODIA,CAMBODIA,2013-03-17,thorough,poisson,briere,7,0.75,seir,467.4676,497.7843,-30.3167,1,26,13505.0
CAMBODIA,CAMBODIA,2013-03-17,as_run,poisson,loglinear,3,1.0,hostvector,1141.2911,1307.361,-166.0698,1,35,15736.0
CAMBODIA,CAMBODIA,2013-03-17,thorough,poisson,loglinear,3,1.0,hostvector,1141.2911,1307.361,-166.0698,1,35,15736.0
CAMBODIA,CAMBODIA,2013-03-17,as_run,poisson,loglinear,3,1.0,seir,1023.9654,1256.2275,-232.2621,1,35,15736.0
CAMBODIA,CAMBODIA,2013-03-17,thorough,poisson,loglinear,3,1.0,seir,1023.9654,1256.2275,-232.2621,1,35,15736.0
CAMBODIA,CAMBODIA,2013-03-17,as_run,poisson,loglinear,3,0.75,hostvector,569.8762,606.2884,-36.4122,1,26,13505.0
CAMBODIA,CAMBODIA,2013-03-17,thorough,poisson,loglinear,3,0.75,hostvector,569.8762,606.2884,-36.4122,1,26,13505.0
CAMBODIA,CAMBODIA,2013-03-17,as_run,poisson,loglinear,3,0.75,seir,470.6277,497.7843,-27.1566,1,26,13505.0
CAMBODIA,CAMBODIA,2013-03-17,thorough,poisson,loglinear,3,0.75,seir,470.6277,497.7843,-27.1566,1,26,13505.0
CAMBODIA,CAMBODIA,2013-03-17,as_run,poisson,loglinear,5,1.0,hostvector,765.8377,1307.361,-541.5232,1,35,15736.0
CAMBODIA,CAMBODIA,2013-03-17,thorough,poisson,loglinear,5,1.0,hostvector,765.8377,1307.361,-541.5232,1,35,15736.0
CAMBODIA,CAMBODIA,2013-03-17,as_run,poisson,loglinear,5,1.0,seir,614.6523,1256.2275,-641.5752,1,35,15736.0
CAMBODIA,CAMBODIA,2013-03-17,thorough,poisson,loglinear,5,1.0,seir,614.6523,1256.2275,-641.5752,1,35,15736.0
CAMBODIA,CAMBODIA,2013-03-17,as_run,poisson,loglinear,5,0.75,hostvector,500.4044,606.2884,-105.884,1,26,13505.0
CAMBODIA,CAMBODIA,2013-03-17,thorough,poisson,loglinear,5,0.75,hostvector,500.4044,606.2884,-105.884,1,26,13505.0
CAMBODIA,CAMBODIA,2013-03-17,as_run,poisson,loglinear,5,0.75,seir,390.7869,497.7843,-106.9973,1,26,13505.0
CAMBODIA,CAMBODIA,2013-03-17,thorough,poisson,loglinear,5,0.75,seir,390.7869,497.7843,-106.9973,1,26,13505.0
CAMBODIA,CAMBODIA,2013-03-17,as_run,poisson,loglinear,7,1.0,hostvector,718.2991,1307.361,-589.0619,1,35,15736.0
CAMBODIA,CAMBODIA,2013-03-17,thorough,poisson,loglinear,7,1.0,hostvector,718.2991,1307.361,-589.0619,1,35,15736.0
CAMBODIA,CAMBODIA,2013-03-17,as_run,poisson,loglinear,7,1.0,seir,615.3656,1256.2275,-640.8619,1,35,15736.0
CAMBODIA,CAMBODIA,2013-03-17,thorough,poisson,loglinear,7,1.0,seir,615.3656,1256.2275,-640.8619,1,35,15736.0
CAMBODIA,CAMBODIA,2013-03-17,as_run,poisson,loglinear,7,0.75,hostvector,543.2543,606.2884,-63.0341,1,26,13505.0
CAMBODIA,CAMBODIA,2013-03-17,thorough,poisson,loglinear,7,0.75,hostvector,543.2543,606.2884,-63.0341,1,26,13505.0
CAMBODIA,CAMBODIA,2013-03-17,as_run,poisson,loglinear,7,0.75,seir,451.5408,497.7843,-46.2434,1,26,13505.0
CAMBODIA,CAMBODIA,2013-03-17,thorough,poisson,loglinear,7,0.75,seir,451.5408,497.7843,-46.2434,1,26,13505.0
