specification,share_endorsing_climate,observation,temp_form,rain_lag,train_frac,structure,params
poisson|loglinear|3|0.75|seir|central,0.9593,poisson,loglinear,3,0.75,seir,central
poisson|loglinear|7|1.0|seir|central,0.9502,poisson,loglinear,7,1.0,seir,central
poisson|loglinear|5|1.0|hostvector|central,0.9502,poisson,loglinear,5,1.0,hostvector,central
poisson|loglinear|3|0.75|seir|alt,0.9502,poisson,loglinear,3,0.75,seir,alt
poisson|loglinear|7|1.0|seir|alt,0.9457,poisson,loglinear,7,1.0,seir,alt
poisson|loglinear|7|1.0|hostvector|central,0.9457,poisson,loglinear,7,1.0,hostvector,central
poisson|loglinear|7|1.0|hostvector|alt,0.9457,poisson,loglinear,7,1.0,hostvector,alt
poisson|loglinear|3|0.75|hostvector|central,0.9457,poisson,loglinear,3,0.75,hostvector,central
poisson|loglinear|7|0.75|seir|central,0.9457,poisson,loglinear,7,0.75,seir,central
poisson|loglinear|5|0.75|seir|alt,0.9457,poisson,loglinear,5,0.75,seir,alt
poisson|loglinear|3|1.0|seir|alt,0.9412,poisson,loglinear,3,1.0,seir,alt
poisson|loglinear|3|1.0|seir|central,0.9412,poisson,loglinear,3,1.0,seir,central
poisson|loglinear|3|1.0|hostvector_tempmort|central,0.9412,poisson,loglinear,3,1.0,hostvector_tempmort,central
poisson|loglinear|7|1.0|hostvector_tempmort|alt,0.9412,poisson,loglinear,7,1.0,hostvector_tempmort,alt
poisson|loglinear|5|1.0|seir|central,0.9367,poisson,loglinear,5,1.0,seir,central
poisson|loglinear|7|1.0|hostvector_tempmort|central,0.9367,poisson,loglinear,7,1.0,hostvector_tempmort,central
poisson|loglinear|5|0.75|seir|central,0.9367,poisson,loglinear,5,0.75,seir,central
poisson|loglinear|5|0.75|hostvector_tempmort|central,0.9321,poisson,loglinear,5,0.75,hostvector_tempmort,central
poisson|loglinear|5|1.0|seir|alt,0.9321,poisson,loglinear,5,1.0,seir,alt
poisson|loglinear|3|1.0|hostvector|central,0.9321,poisson,loglinear,3,1.0,hostvector,central
poisson|loglinear|5|0.75|hostvector|alt,0.9321,poisson,loglinear,5,0.75,hostvector,alt
poisson|loglinear|3|0.75|hostvector_tempmort|central,0.9276,poisson,loglinear,3,0.75,hostvector_tempmort,central
poisson|loglinear|7|0.75|hostvector_tempmort|central,0.9276,poisson,loglinear,7,0.75,hostvector_tempmort,central
poisson|loglinear|3|0.75|hostvector_tempmort|alt,0.9231,poisson,loglinear,3,0.75,hostvector_tempmort,alt
poisson|loglinear|5|1.0|hostvector_tempmort|central,0.9231,poisson,loglinear,5,1.0,hostvector_tempmort,central
poisson|loglinear|5|0.75|hostvector_tempmort|alt,0.9186,poisson,loglinear,5,0.75,hostvector_tempmort,alt
poisson|loglinear|7|0.75|hostvector|central,0.9186,poisson,loglinear,7,0.75,hostvector,central
poisson|loglinear|3|1.0|hostvector|alt,0.9186,poisson,loglinear,3,1.0,hostvector,alt
poisson|loglinear|3|1.0|hostvector_tempmort|alt,0.9186,poisson,loglinear,3,1.0,hostvector_tempmort,alt
poisson|loglinear|7|0.75|hostvector|alt,0.914,poisson,loglinear,7,0.75,hostvector,alt
poisson|briere|3|1.0|seir|central,0.914,poisson,briere,3,1.0,seir,central
poisson|loglinear|7|0.75|hostvector_tempmort|alt,0.914,poisson,loglinear,7,0.75,hostvector_tempmort,alt
poisson|loglinear|3|0.75|hostvector|alt,0.914,poisson,loglinear,3,0.75,hostvector,alt
poisson|briere|3|1.0|seir|alt,0.914,poisson,briere,3,1.0,seir,alt
poisson|loglinear|5|0.75|hostvector|central,0.9095,poisson,loglinear,5,0.75,hostvector,central
poisson|loglinear|5|1.0|hostvector_tempmort|alt,0.905,poisson,loglinear,5,1.0,hostvector_tempmort,alt
poisson|loglinear|5|1.0|hostvector|alt,0.905,poisson,loglinear,5,1.0,hostvector,alt
poisson|loglinear|7|0.75|seir|alt,0.905,poisson,loglinear,7,0.75,seir,alt
poisson|briere|5|1.0|seir|central,0.905,poisson,briere,5,1.0,seir,central
poisson|briere|5|1.0|seir|alt,0.9005,poisson,briere,5,1.0,seir,alt
poisson|briere|3|1.0|hostvector|alt,0.9005,poisson,briere,3,1.0,hostvector,alt
poisson|briere|5|1.0|hostvector_tempmort|alt,0.9005,poisson,briere,5,1.0,hostvector_tempmort,alt
poisson|briere|5|1.0|hostvector_tempmort|central,0.8914,poisson,briere,5,1.0,hostvector_tempmort,central
poisson|briere|5|1.0|hostvector|central,0.8914,poisson,briere,5,1.0,hostvector,central
poisson|briere|3|1.0|hostvector|central,0.8914,poisson,briere,3,1.0,hostvector,central
poisson|briere|7|1.0|hostvector|alt,0.8869,poisson,briere,7,1.0,hostvector,alt
poisson|briere|3|1.0|hostvector_tempmort|alt,0.8824,poisson,briere,3,1.0,hostvector_tempmort,alt
poisson|briere|5|1.0|hostvector|alt,0.8824,poisson,briere,5,1.0,hostvector,alt
poisson|briere|7|1.0|hostvector|central,0.8824,poisson,briere,7,1.0,hostvector,central
poisson|briere|3|1.0|hostvector_tempmort|central,0.8824,poisson,briere,3,1.0,hostvector_tempmort,central
poisson|briere|7|1.0|seir|alt,0.8778,poisson,briere,7,1.0,seir,alt
poisson|briere|3|0.75|seir|central,0.8688,poisson,briere,3,0.75,seir,central
poisson|briere|3|0.75|seir|alt,0.8643,poisson,briere,3,0.75,seir,alt
poisson|briere|7|1.0|hostvector_tempmort|central,0.8643,poisson,briere,7,1.0,hostvector_tempmort,central
poisson|briere|5|0.75|hostvector_tempmort|alt,0.8643,poisson,briere,5,0.75,hostvector_tempmort,alt
poisson|briere|7|1.0|hostvector_tempmort|alt,0.8643,poisson,briere,7,1.0,hostvector_tempmort,alt
poisson|briere|7|1.0|seir|central,0.8643,poisson,briere,7,1.0,seir,central
poisson|briere|3|0.75|hostvector|alt,0.8643,poisson,briere,3,0.75,hostvector,alt
poisson|briere|3|0.75|hostvector|central,0.8643,poisson,briere,3,0.75,hostvector,central
poisson|briere|3|0.75|hostvector_tempmort|alt,0.8597,poisson,briere,3,0.75,hostvector_tempmort,alt
poisson|briere|5|0.75|hostvector_tempmort|central,0.8552,poisson,briere,5,0.75,hostvector_tempmort,central
poisson|briere|3|0.75|hostvector_tempmort|central,0.8507,poisson,briere,3,0.75,hostvector_tempmort,central
poisson|briere|5|0.75|hostvector|central,0.8507,poisson,briere,5,0.75,hostvector,central
poisson|briere|7|0.75|seir|alt,0.8507,poisson,briere,7,0.75,seir,alt
poisson|briere|5|0.75|hostvector|alt,0.8462,poisson,briere,5,0.75,hostvector,alt
poisson|briere|7|0.75|hostvector_tempmort|alt,0.8416,poisson,briere,7,0.75,hostvector_tempmort,alt
poisson|briere|7|0.75|hostvector|alt,0.8371,poisson,briere,7,0.75,hostvector,alt
poisson|briere|7|0.75|seir|central,0.8371,poisson,briere,7,0.75,seir,central
poisson|briere|5|0.75|seir|alt,0.8371,poisson,briere,5,0.75,seir,alt
poisson|briere|7|0.75|hostvector_tempmort|central,0.8371,poisson,briere,7,0.75,hostvector_tempmort,central
poisson|briere|7|0.75|hostvector|central,0.8326,poisson,briere,7,0.75,hostvector,central
poisson|briere|5|0.75|seir|central,0.8281,poisson,briere,5,0.75,seir,central
nb|loglinear|7|1.0|hostvector|central,0.6968,nb,loglinear,7,1.0,hostvector,central
nb|loglinear|7|1.0|hostvector_tempmort|central,0.6923,nb,loglinear,7,1.0,hostvector_tempmort,central
nb|loglinear|7|1.0|hostvector|alt,0.6923,nb,loglinear,7,1.0,hostvector,alt
nb|loglinear|5|1.0|hostvector_tempmort|central,0.6742,nb,loglinear,5,1.0,hostvector_tempmort,central
nb|loglinear|5|1.0|hostvector|central,0.6697,nb,loglinear,5,1.0,hostvector,central
nb|loglinear|7|1.0|hostvector_tempmort|alt,0.6697,nb,loglinear,7,1.0,hostvector_tempmort,alt
nb|loglinear|5|1.0|hostvector|alt,0.6652,nb,loglinear,5,1.0,hostvector,alt
nb|loglinear|3|1.0|hostvector_tempmort|central,0.6652,nb,loglinear,3,1.0,hostvector_tempmort,central
nb|loglinear|7|1.0|seir|central,0.6652,nb,loglinear,7,1.0,seir,central
nb|loglinear|7|1.0|seir|alt,0.6652,nb,loglinear,7,1.0,seir,alt
nb|loglinear|5|1.0|hostvector_tempmort|alt,0.6606,nb,loglinear,5,1.0,hostvector_tempmort,alt
nb|loglinear|3|1.0|hostvector_tempmort|alt,0.6606,nb,loglinear,3,1.0,hostvector_tempmort,alt
nb|loglinear|3|1.0|seir|alt,0.6561,nb,loglinear,3,1.0,seir,alt
nb|loglinear|5|1.0|seir|alt,0.6561,nb,loglinear,5,1.0,seir,alt
nb|loglinear|3|1.0|seir|central,0.6471,nb,loglinear,3,1.0,seir,central
nb|loglinear|7|0.75|hostvector_tempmort|alt,0.6335,nb,loglinear,7,0.75,hostvector_tempmort,alt
nb|loglinear|3|1.0|hostvector|alt,0.629,nb,loglinear,3,1.0,hostvector,alt
nb|loglinear|5|1.0|seir|central,0.629,nb,loglinear,5,1.0,seir,central
nb|loglinear|3|1.0|hostvector|central,0.6244,nb,loglinear,3,1.0,hostvector,central
nb|loglinear|7|0.75|hostvector|alt,0.6154,nb,loglinear,7,0.75,hostvector,alt
nb|briere|7|1.0|hostvector_tempmort|central,0.6109,nb,briere,7,1.0,hostvector_tempmort,central
nb|loglinear|7|0.75|hostvector|central,0.6109,nb,loglinear,7,0.75,hostvector,central
nb|briere|5|1.0|hostvector_tempmort|alt,0.6063,nb,briere,5,1.0,hostvector_tempmort,alt
nb|briere|7|1.0|hostvector_tempmort|alt,0.6018,nb,briere,7,1.0,hostvector_tempmort,alt
nb|briere|3|1.0|hostvector_tempmort|central,0.6018,nb,briere,3,1.0,hostvector_tempmort,central
nb|loglinear|7|0.75|hostvector_tempmort|central,0.6018,nb,loglinear,7,0.75,hostvector_tempmort,central
nb|briere|5|1.0|hostvector_tempmort|central,0.6018,nb,briere,5,1.0,hostvector_tempmort,central
nb|briere|3|1.0|seir|alt,0.6018,nb,briere,3,1.0,seir,alt
nb|briere|5|1.0|hostvector|central,0.5973,nb,briere,5,1.0,hostvector,central
nb|loglinear|5|0.75|hostvector_tempmort|alt,0.5973,nb,loglinear,5,0.75,hostvector_tempmort,alt
nb|loglinear|5|0.75|hostvector|alt,0.5928,nb,loglinear,5,0.75,hostvector,alt
nb|briere|5|1.0|seir|alt,0.5928,nb,briere,5,1.0,seir,alt
nb|briere|5|1.0|hostvector|alt,0.5928,nb,briere,5,1.0,hostvector,alt
nb|briere|3|1.0|seir|central,0.5928,nb,briere,3,1.0,seir,central
nb|loglinear|5|0.75|hostvector_tempmort|central,0.5928,nb,loglinear,5,0.75,hostvector_tempmort,central
nb|briere|7|1.0|hostvector|central,0.5882,nb,briere,7,1.0,hostvector,central
nb|briere|7|1.0|hostvector|alt,0.5882,nb,briere,7,1.0,hostvector,alt
nb|loglinear|5|0.75|hostvector|central,0.5837,nb,loglinear,5,0.75,hostvector,central
nb|briere|3|1.0|hostvector_tempmort|alt,0.5837,nb,briere,3,1.0,hostvector_tempmort,alt
nb|briere|3|1.0|hostvector|central,0.5837,nb,briere,3,1.0,hostvector,central
nb|briere|3|1.0|hostvector|alt,0.5837,nb,briere,3,1.0,hostvector,alt
nb|briere|5|1.0|seir|central,0.5747,nb,briere,5,1.0,seir,central
nb|loglinear|3|0.75|hostvector|alt,0.5701,nb,loglinear,3,0.75,hostvector,alt
nb|loglinear|3|0.75|hostvector_tempmort|alt,0.5701,nb,loglinear,3,0.75,hostvector_tempmort,alt
nb|loglinear|7|0.75|seir|alt,0.5701,nb,loglinear,7,0.75,seir,alt
nb|loglinear|3|0.75|hostvector|central,0.5701,nb,loglinear,3,0.75,hostvector,central
nb|loglinear|3|0.75|hostvector_tempmort|central,0.5656,nb,loglinear,3,0.75,hostvector_tempmort,central
nb|briere|7|1.0|seir|alt,0.5611,nb,briere,7,1.0,seir,alt
nb|loglinear|7|0.75|seir|central,0.5566,nb,loglinear,7,0.75,seir,central
nb|briere|7|1.0|seir|central,0.5566,nb,briere,7,1.0,seir,central
nb|loglinear|3|0.75|seir|central,0.5249,nb,loglinear,3,0.75,seir,central
nb|loglinear|5|0.75|seir|central,0.5204,nb,loglinear,5,0.75,seir,central
nb|loglinear|5|0.75|seir|alt,0.5204,nb,loglinear,5,0.75,seir,alt
nb|loglinear|3|0.75|seir|alt,0.5158,nb,loglinear,3,0.75,seir,alt
nb|briere|3|0.75|hostvector_tempmort|alt,0.4887,nb,briere,3,0.75,hostvector_tempmort,alt
nb|briere|7|0.75|hostvector_tempmort|alt,0.4887,nb,briere,7,0.75,hostvector_tempmort,alt
nb|briere|7|0.75|hostvector_tempmort|central,0.4887,nb,briere,7,0.75,hostvector_tempmort,central
nb|briere|3|0.75|hostvector_tempmort|central,0.4887,nb,briere,3,0.75,hostvector_tempmort,central
nb|briere|7|0.75|hostvector|alt,0.4751,nb,briere,7,0.75,hostvector,alt
nb|briere|7|0.75|hostvector|central,0.4751,nb,briere,7,0.75,hostvector,central
nb|briere|3|0.75|hostvector|central,0.4706,nb,briere,3,0.75,hostvector,central
nb|briere|5|0.75|hostvector_tempmort|central,0.4706,nb,briere,5,0.75,hostvector_tempmort,central
nb|briere|5|0.75|hostvector_tempmort|alt,0.4706,nb,briere,5,0.75,hostvector_tempmort,alt
nb|briere|3|0.75|hostvector|alt,0.4661,nb,briere,3,0.75,hostvector,alt
nb|briere|5|0.75|hostvector|central,0.4525,nb,briere,5,0.75,hostvector,central
nb|briere|5|0.75|hostvector|alt,0.4525,nb,briere,5,0.75,hostvector,alt
nb|briere|7|0.75|seir|central,0.4344,nb,briere,7,0.75,seir,central
nb|briere|7|0.75|seir|alt,0.4299,nb,briere,7,0.75,seir,alt
nb|briere|5|0.75|seir|alt,0.4299,nb,briere,5,0.75,seir,alt
nb|briere|5|0.75|seir|central,0.4163,nb,briere,5,0.75,seir,central
nb|briere|3|0.75|seir|alt,0.4118,nb,briere,3,0.75,seir,alt
nb|briere|3|0.75|seir|central,0.3982,nb,briere,3,0.75,seir,central
